model_type,variant,target,n_runs,n_features,n_train,n_val,target_mean,val_rmse,val_rmse_run_std,val_mae,val_mae_run_std,val_rmse_pct,val_mae_pct,cv_rmse,cv_rmse_fold_std,cv_rmse_run_std,cv_mae,cv_mae_fold_std,cv_mae_run_std,cv_rmse_pct,cv_mae_pct,val_round_acc,val_outcome_acc
lstm_mlp_multioutput_torch,cform_diffmean_diffsum_form_mean_nplayers_odds_raw_stage_sum,AWAY_CORNERS,2,270,1444,362,4.145429,2.4778275,0.005498499999999851,1.961843,0.011810000000000098,59.775,47.325,2.5960145,0.062246,0.0039605000000000334,2.0191765000000004,0.0329795,0.0026604999999999546,62.625,48.705,0.1547,0.5373
lstm_mlp_multioutput_torch,cform_diffmean_diffsum_form_mean_nplayers_odds_raw_stage_sum,AWAY_FOULS,2,270,1444,362,11.677271,4.5574864999999996,0.02505149999999956,3.5977965000000003,0.0074265000000000025,39.025000000000006,30.810000000000002,4.472056,0.0485925,0.022918000000000216,3.4685895,0.0623915,0.02563250000000017,38.295,29.700000000000003,0.1091,0.44065
lstm_mlp_multioutput_torch,cform_diffmean_diffsum_form_mean_nplayers_odds_raw_stage_sum,AWAY_GOALS,2,270,1444,362,1.306094,1.0583245,0.0021125000000000727,0.834588,0.0021600000000000508,81.03,63.894999999999996,1.19355,0.0684555,0.006160000000000054,0.9299705,0.063095,0.00116949999999999,91.38,71.2,0.34255,0.53175
lstm_mlp_multioutput_torch,cform_diffmean_diffsum_form_mean_nplayers_odds_raw_stage_sum,AWAY_OFFSIDES,2,270,1444,362,1.741046,1.4799165,0.020106500000000027,1.1268704999999999,0.0165654999999999,85.005,64.72500000000001,1.4841864999999999,0.032191,0.008477500000000027,1.137345,0.0211345,0.004286000000000012,85.245,65.32499999999999,0.27349999999999997,0.4088
lstm_mlp_multioutput_torch,cform_diffmean_diffsum_form_mean_nplayers_odds_raw_stage_sum,AWAY_REDCARDS,2,270,1444,362,0.105956,0.3195795,0.0013124999999999942,0.16960599999999998,0.0072580000000000006,301.615,160.07,0.3241655,0.024672,0.0014494999999999925,0.1871505,0.005988,0.00025949999999999585,305.945,176.635,0.9254,0.8591
lstm_mlp_multioutput_torch,cform_diffmean_diffsum_form_mean_nplayers_odds_raw_stage_sum,AWAY_SHOTS_ON_TARGET,2,270,1444,362,3.945291,2.2215930000000004,0.013762000000000052,1.754092,0.01627400000000001,56.31,44.459999999999994,2.3935795000000004,0.1215495,0.003534499999999996,1.8680305000000001,0.072734,0.004796499999999981,60.67,47.349999999999994,0.18369999999999997,0.6229
lstm_mlp_multioutput_torch,cform_diffmean_diffsum_form_mean_nplayers_odds_raw_stage_sum,AWAY_YELLOWCARDS,2,270,1444,362,2.132964,1.5410005,0.0019225000000000492,1.2268455,0.007296500000000039,72.25,57.519999999999996,1.4397075,0.0444965,0.012044500000000014,1.1476425,0.033788,0.009473500000000024,67.495,53.805,0.24170000000000003,0.29555
lstm_mlp_multioutput_torch,cform_diffmean_diffsum_form_mean_nplayers_odds_raw_stage_sum,HOME_CORNERS,2,270,1444,362,5.304709,3.117198,0.008740999999999888,2.495189,0.015856000000000092,58.765,47.040000000000006,2.969576,0.093727,0.005217000000000027,2.36156,0.0776415,0.008848999999999885,55.980000000000004,44.515,0.11875,0.5373
lstm_mlp_multioutput_torch,cform_diffmean_diffsum_form_mean_nplayers_odds_raw_stage_sum,HOME_FOULS,2,270,1444,362,11.648684,3.9041175,0.020081500000000085,3.1555229999999996,0.004094000000000042,33.515,27.085,4.1390455,0.126712,0.04281950000000023,3.212702,0.11184849999999999,0.042713,35.53,27.58,0.0953,0.44065
lstm_mlp_multioutput_torch,cform_diffmean_diffsum_form_mean_nplayers_odds_raw_stage_sum,HOME_GOALS,2,270,1444,362,1.646814,1.325193,0.0010949999999999571,1.0498695,0.0010254999999999015,80.47,63.75,1.3127010000000001,0.057735,0.0005609999999999227,1.0242615000000002,0.044192499999999996,0.000863500000000017,79.715,62.195,0.27625,0.53175
lstm_mlp_multioutput_torch,cform_diffmean_diffsum_form_mean_nplayers_odds_raw_stage_sum,HOME_OFFSIDES,2,270,1444,362,1.902957,1.6224310000000002,0.004430999999999963,1.241402,0.006338000000000066,85.25999999999999,65.235,1.629221,0.112156,0.00905200000000006,1.234904,0.0551385,0.006008999999999931,85.61500000000001,64.895,0.26935,0.4088
lstm_mlp_multioutput_torch,cform_diffmean_diffsum_form_mean_nplayers_odds_raw_stage_sum,HOME_REDCARDS,2,270,1444,362,0.076177,0.2775525,0.0007275000000000198,0.140397,0.010954000000000005,364.355,184.3,0.27394850000000004,0.014235000000000001,0.0019295000000000007,0.14723350000000002,0.007899,0.0016044999999999948,359.62,193.27499999999998,0.9171,0.8591
lstm_mlp_multioutput_torch,cform_diffmean_diffsum_form_mean_nplayers_odds_raw_stage_sum,HOME_SHOTS_ON_TARGET,2,270,1444,362,5.049861,2.679736,0.00050400000000006,2.1611185,0.019297499999999967,53.07,42.795,2.6581495,0.088945,0.001187499999999897,2.1104025,0.060182,0.0007844999999999658,52.635,41.795,0.1229,0.6229
lstm_mlp_multioutput_torch,cform_diffmean_diffsum_form_mean_nplayers_odds_raw_stage_sum,HOME_YELLOWCARDS,2,270,1444,362,1.899585,1.2887415,0.006506499999999971,1.042174,0.0034199999999999786,67.845,54.86,1.341658,0.046051999999999996,0.005481000000000069,1.0697675,0.0330735,0.0036724999999999675,70.63,56.315,0.2804,0.29555
lstm_mlp_multioutput_torch,cform_diffmean_diffsum_form_mean_nplayers_odds_stage_sum,AWAY_CORNERS,2,156,1444,362,4.145429,2.480415,0.019247000000000014,1.9420705,0.0054315000000000335,59.834999999999994,46.849999999999994,2.5968485,0.062838,0.0008425000000000793,2.0201345,0.039459999999999995,0.004894500000000024,62.64,48.730000000000004,0.16849999999999998,0.5704
lstm_mlp_multioutput_torch,cform_diffmean_diffsum_form_mean_nplayers_odds_stage_sum,AWAY_FOULS,2,156,1444,362,11.677271,4.557137,0.01624900000000018,3.598125,0.0254319999999999,39.025,30.815,4.466952,0.052267,0.011491999999999614,3.4740645,0.0583665,0.017213499999999993,38.25,29.75,0.09945,0.4047
lstm_mlp_multioutput_torch,cform_diffmean_diffsum_form_mean_nplayers_odds_stage_sum,AWAY_GOALS,2,156,1444,362,1.306094,1.0748630000000001,0.0043959999999999555,0.852391,0.004610000000000003,82.29499999999999,65.265,1.1994365,0.065251,0.004580499999999987,0.9434689999999999,0.0625285,0.004720000000000002,91.83000000000001,72.235,0.33840000000000003,0.5442
lstm_mlp_multioutput_torch,cform_diffmean_diffsum_form_mean_nplayers_odds_stage_sum,AWAY_OFFSIDES,2,156,1444,362,1.741046,1.500509,0.021291999999999978,1.1566765,0.008823499999999984,86.185,66.435,1.4798795,0.0301105,0.0012455000000000105,1.127953,0.0216545,0.005023,85.0,64.785,0.25970000000000004,0.3895
lstm_mlp_multioutput_torch,cform_diffmean_diffsum_form_mean_nplayers_odds_stage_sum,AWAY_REDCARDS,2,156,1444,362,0.105956,0.3189165,0.0006565000000000043,0.173995,0.0019310000000000022,300.99,164.21499999999997,0.3219985,0.025016,0.0001234999999999986,0.18991449999999999,0.011477000000000001,0.001297499999999993,303.9,179.24,0.9254,0.8591
lstm_mlp_multioutput_torch,cform_diffmean_diffsum_form_mean_nplayers_odds_stage_sum,AWAY_SHOTS_ON_TARGET,2,156,1444,362,3.945291,2.225397,0.0029409999999998604,1.759706,0.009214999999999973,56.405,44.605000000000004,2.407514,0.137706,0.01392799999999994,1.888226,0.10292950000000001,0.019800999999999958,61.025000000000006,47.86,0.1768,0.6312
lstm_mlp_multioutput_torch,cform_diffmean_diffsum_form_mean_nplayers_odds_stage_sum,AWAY_YELLOWCARDS,2,156,1444,362,2.132964,1.5460444999999998,0.010782500000000028,1.2321785,0.0032434999999999548,72.485,57.769999999999996,1.4407459999999999,0.056033,0.010317999999999938,1.1432639999999998,0.036778500000000006,0.008198000000000039,67.545,53.599999999999994,0.2569,0.297
lstm_mlp_multioutput_torch,cform_diffmean_diffsum_form_mean_nplayers_odds_stage_sum,HOME_CORNERS,2,156,1444,362,5.304709,3.0970335,0.002643499999999799,2.483545,0.003198999999999952,58.379999999999995,46.82,2.98383,0.0918765,0.0016209999999998725,2.3748875,0.07794799999999999,0.0017044999999999977,56.25,44.769999999999996,0.1243,0.5704
lstm_mlp_multioutput_torch,cform_diffmean_diffsum_form_mean_nplayers_odds_stage_sum,HOME_FOULS,2,156,1444,362,11.648684,3.9102535,0.01739550000000012,3.1643594999999998,0.022234499999999935,33.57,27.165,4.1214455,0.134834,0.004221499999999878,3.1991335000000003,0.1290155,0.0014255000000000795,35.38,27.465,0.09115000000000001,0.4047
lstm_mlp_multioutput_torch,cform_diffmean_diffsum_form_mean_nplayers_odds_stage_sum,HOME_GOALS,2,156,1444,362,1.646814,1.3132705,0.006330500000000017,1.026578,0.0018460000000000143,79.745,62.34,1.31586,0.055056,0.009422000000000041,1.021838,0.0435095,0.005846000000000018,79.905,62.045,0.28590000000000004,0.5442
lstm_mlp_multioutput_torch,cform_diffmean_diffsum_form_mean_nplayers_odds_stage_sum,HOME_OFFSIDES,2,156,1444,362,1.902957,1.617425,0.011540999999999912,1.2554755,0.023990500000000026,84.995,65.975,1.621491,0.0989475,0.002661999999999942,1.2327755,0.0531115,0.00235950000000007,85.21,64.785,0.2569,0.3895
lstm_mlp_multioutput_torch,cform_diffmean_diffsum_form_mean_nplayers_odds_stage_sum,HOME_REDCARDS,2,156,1444,362,0.076177,0.276529,0.00010200000000001874,0.144448,0.0023080000000000045,363.005,189.62,0.27190000000000003,0.015446,0.00017500000000000848,0.1493895,0.0091625,0.0005914999999999948,356.93,196.10500000000002,0.9171,0.8591
lstm_mlp_multioutput_torch,cform_diffmean_diffsum_form_mean_nplayers_odds_stage_sum,HOME_SHOTS_ON_TARGET,2,156,1444,362,5.049861,2.6472420000000003,0.0146710000000001,2.149823,0.006472000000000033,52.42,42.57,2.6422505000000003,0.09210750000000001,0.0024645000000000916,2.0974975000000002,0.06787850000000001,0.0038565000000001515,52.32,41.535,0.1243,0.6312
lstm_mlp_multioutput_torch,cform_diffmean_diffsum_form_mean_nplayers_odds_stage_sum,HOME_YELLOWCARDS,2,156,1444,362,1.899585,1.2975095,0.0016614999999999824,1.0503105000000001,0.005830499999999961,68.305,55.29,1.3403135000000002,0.0463985,0.0015005000000000155,1.0663865000000001,0.03538,0.0006365000000000398,70.56,56.135000000000005,0.279,0.297
lstm_mlp_multioutput_torch,cform_diffmean_diffsum_form_mean_nplayers_raw_stage_sum,AWAY_CORNERS,2,249,1444,362,4.145429,2.492323,0.0041879999999998585,1.9495010000000002,0.005758999999999959,60.120000000000005,47.03,2.5878959999999998,0.054743,0.0015850000000001696,2.0046475,0.0355935,0.004521500000000067,62.43,48.36,0.18095,0.5386500000000001
lstm_mlp_multioutput_torch,cform_diffmean_diffsum_form_mean_nplayers_raw_stage_sum,AWAY_FOULS,2,249,1444,362,11.677271,4.597411,0.0014180000000001414,3.6277635000000004,0.009059499999999998,39.370000000000005,31.064999999999998,4.441711,0.068401,0.0015779999999998573,3.4379505,0.07279749999999999,0.004829500000000042,38.035,29.439999999999998,0.1105,0.41575
lstm_mlp_multioutput_torch,cform_diffmean_diffsum_form_mean_nplayers_raw_stage_sum,AWAY_GOALS,2,249,1444,362,1.306094,1.050542,0.01829500000000006,0.8219194999999999,0.0077765000000000195,80.43,62.925,1.1935545,0.058466000000000004,0.00016850000000001586,0.9315960000000001,0.0551565,0.0024219999999999797,91.385,71.325,0.366,0.56355
lstm_mlp_multioutput_torch,cform_diffmean_diffsum_form_mean_nplayers_raw_stage_sum,AWAY_OFFSIDES,2,249,1444,362,1.741046,1.5032679999999998,0.012743999999999978,1.1538840000000001,0.0009450000000000847,86.34,66.275,1.4830744999999999,0.0314605,0.0013305000000000122,1.1335125,0.0261255,0.004371499999999973,85.185,65.10499999999999,0.26380000000000003,0.38815
lstm_mlp_multioutput_torch,cform_diffmean_diffsum_form_mean_nplayers_raw_stage_sum,AWAY_REDCARDS,2,249,1444,362,0.105956,0.3226835,0.0003874999999999851,0.1789985,0.006025500000000003,304.545,168.935,0.32585200000000003,0.025557999999999997,9.200000000000874e-05,0.180581,0.008004,0.003280000000000005,307.53499999999997,170.43,0.9213,0.85775
lstm_mlp_multioutput_torch,cform_diffmean_diffsum_form_mean_nplayers_raw_stage_sum,AWAY_SHOTS_ON_TARGET,2,249,1444,362,3.945291,2.236551,0.002797999999999856,1.7745385,0.006447499999999939,56.69,44.980000000000004,2.392469,0.1364495,0.009880000000000111,1.856878,0.0857285,0.009450999999999987,60.64,47.07,0.1685,0.6326
lstm_mlp_multioutput_torch,cform_diffmean_diffsum_form_mean_nplayers_raw_stage_sum,AWAY_YELLOWCARDS,2,249,1444,362,2.132964,1.5510915,0.005929500000000032,1.2368845,0.007471499999999964,72.72,57.99,1.449547,0.052442,0.00777300000000003,1.162341,0.038377499999999995,0.004446000000000061,67.955,54.495000000000005,0.23895,0.29835
lstm_mlp_multioutput_torch,cform_diffmean_diffsum_form_mean_nplayers_raw_stage_sum,HOME_CORNERS,2,249,1444,362,5.304709,3.148586,0.006294000000000022,2.5283860000000002,0.001474999999999893,59.355000000000004,47.665,2.979037,0.089772,0.006380000000000052,2.373494,0.0812685,0.004049000000000191,56.16,44.745000000000005,0.1243,0.5386500000000001
lstm_mlp_multioutput_torch,cform_diffmean_diffsum_form_mean_nplayers_raw_stage_sum,HOME_FOULS,2,249,1444,362,11.648684,3.8678144999999997,0.021684499999999884,3.126753,0.02215300000000009,33.205,26.84,4.1271265,0.13432850000000002,0.01150949999999984,3.2105975,0.122295,0.010583500000000079,35.43,27.56,0.076,0.41575
lstm_mlp_multioutput_torch,cform_diffmean_diffsum_form_mean_nplayers_raw_stage_sum,HOME_GOALS,2,249,1444,362,1.646814,1.3006625,0.0013054999999999595,1.0248265,0.007034499999999944,78.98,62.23,1.3097020000000001,0.06247,0.0025000000000000577,1.0246629999999999,0.0407915,0.003950999999999927,79.53,62.22,0.28315,0.56355
lstm_mlp_multioutput_torch,cform_diffmean_diffsum_form_mean_nplayers_raw_stage_sum,HOME_OFFSIDES,2,249,1444,362,1.902957,1.6363035,0.013642500000000002,1.2584559999999998,0.01763999999999999,85.985,66.13,1.6359095,0.11123050000000001,0.002319499999999919,1.2438090000000002,0.070102,0.0005819999999999714,85.965,65.36,0.25415,0.38815
lstm_mlp_multioutput_torch,cform_diffmean_diffsum_form_mean_nplayers_raw_stage_sum,HOME_REDCARDS,2,249,1444,362,0.076177,0.2826575,0.0032945000000000058,0.149127,0.0033109999999999945,371.055,195.765,0.2741945,0.014204,0.0003414999999999946,0.14524900000000002,0.0077305,0.00844099999999999,359.94,190.67000000000002,0.91435,0.85775
lstm_mlp_multioutput_torch,cform_diffmean_diffsum_form_mean_nplayers_raw_stage_sum,HOME_SHOTS_ON_TARGET,2,249,1444,362,5.049861,2.6786190000000003,0.0008019999999999694,2.1503365,0.0018534999999999524,53.045,42.584999999999994,2.6453625,0.08501049999999999,0.004808499999999993,2.100941,0.0600555,0.004113999999999951,52.385,41.605000000000004,0.13535,0.6326
lstm_mlp_multioutput_torch,cform_diffmean_diffsum_form_mean_nplayers_raw_stage_sum,HOME_YELLOWCARDS,2,249,1444,362,1.899585,1.303925,0.002938000000000107,1.0579285,2.049999999997887e-05,68.645,55.69,1.3298965,0.051750000000000004,0.0007924999999999738,1.0639310000000002,0.035944500000000004,0.0012780000000000014,70.00999999999999,56.01,0.27490000000000003,0.29835
lstm_mlp_multioutput_torch,cform_diffmean_diffsum_form_mean_nplayers_stage_sum,AWAY_CORNERS,2,135,1444,362,4.145429,2.5068675000000002,0.011041499999999926,1.9904245,0.01027749999999994,60.475,48.015,2.5947,0.057366,3.0999999999892225e-05,2.0104355,0.024644,0.008014500000000035,62.59,48.495,0.1547,0.5304
lstm_mlp_multioutput_torch,cform_diffmean_diffsum_form_mean_nplayers_stage_sum,AWAY_FOULS,2,135,1444,362,11.677271,4.559615,0.003179000000000265,3.6095675,0.01769749999999992,39.045,30.91,4.456729,0.0407775,0.008624000000000187,3.461127,0.07374,0.011306999999999956,38.165000000000006,29.64,0.10495,0.42264999999999997
lstm_mlp_multioutput_torch,cform_diffmean_diffsum_form_mean_nplayers_stage_sum,AWAY_GOALS,2,135,1444,362,1.306094,1.061073,0.001747000000000054,0.8166415,0.004248499999999988,81.24000000000001,62.525000000000006,1.1885865,0.0667435,0.0032734999999999292,0.9261965000000001,0.052777000000000004,0.002320500000000003,91.0,70.91499999999999,0.36739999999999995,0.5718000000000001
lstm_mlp_multioutput_torch,cform_diffmean_diffsum_form_mean_nplayers_stage_sum,AWAY_OFFSIDES,2,135,1444,362,1.741046,1.4762265,0.0105885,1.1231305,0.007625500000000063,84.79,64.50999999999999,1.463499,0.023368,0.0034519999999998996,1.1148925,0.021504000000000002,0.0021444999999999936,84.06,64.035,0.28175,0.4213
lstm_mlp_multioutput_torch,cform_diffmean_diffsum_form_mean_nplayers_stage_sum,AWAY_REDCARDS,2,135,1444,362,0.105956,0.32009750000000003,0.00018749999999997935,0.17858200000000002,0.000895999999999994,302.105,168.545,0.3223505,0.025134999999999998,0.0005064999999999931,0.1888,0.011215,0.0024099999999999955,304.23,178.185,0.9254,0.8591
lstm_mlp_multioutput_torch,cform_diffmean_diffsum_form_mean_nplayers_stage_sum,AWAY_SHOTS_ON_TARGET,2,135,1444,362,3.945291,2.2098925,0.00704450000000012,1.7537664999999998,0.007144499999999998,56.01,44.45,2.3943255,0.12733150000000001,0.0002975000000000616,1.863219,0.08180200000000001,0.0044919999999999405,60.69,47.225,0.17405,0.60775
lstm_mlp_multioutput_torch,cform_diffmean_diffsum_form_mean_nplayers_stage_sum,AWAY_YELLOWCARDS,2,135,1444,362,2.132964,1.5386484999999999,0.006436500000000067,1.2314855,0.008301499999999962,72.13499999999999,57.74,1.434618,0.0459165,0.0024610000000000465,1.1397374999999998,0.031546000000000005,0.005322500000000008,67.255,53.43,0.25,0.3246
lstm_mlp_multioutput_torch,cform_diffmean_diffsum_form_mean_nplayers_stage_sum,HOME_CORNERS,2,135,1444,362,5.304709,3.1339185,0.009625499999999843,2.5043170000000003,0.012218000000000062,59.08,47.209999999999994,2.9716145000000003,0.098083,0.0022094999999999754,2.368754,0.0775125,0.002638999999999836,56.019999999999996,44.650000000000006,0.10775,0.5304
lstm_mlp_multioutput_torch,cform_diffmean_diffsum_form_mean_nplayers_stage_sum,HOME_FOULS,2,135,1444,362,11.648684,3.9062595,0.01968050000000021,3.1610560000000003,0.009350999999999887,33.53,27.14,4.110891499999999,0.1174995,0.011043499999999984,3.206769,0.112666,0.007932999999999968,35.295,27.53,0.09115,0.42264999999999997
lstm_mlp_multioutput_torch,cform_diffmean_diffsum_form_mean_nplayers_stage_sum,HOME_GOALS,2,135,1444,362,1.646814,1.3254234999999999,0.006847500000000006,1.0381015,0.010440500000000075,80.485,63.035,1.295499,0.0538005,0.0006519999999999859,1.011781,0.041239,0.003646000000000038,78.66999999999999,61.44,0.2942,0.5718000000000001
lstm_mlp_multioutput_torch,cform_diffmean_diffsum_form_mean_nplayers_stage_sum,HOME_OFFSIDES,2,135,1444,362,1.902957,1.6225775,0.005304500000000045,1.236459,0.0032680000000000486,85.265,64.975,1.6162785,0.10973350000000001,0.0050715000000000066,1.224691,0.0616385,0.0011179999999999524,84.935,64.36,0.29005000000000003,0.4213
lstm_mlp_multioutput_torch,cform_diffmean_diffsum_form_mean_nplayers_stage_sum,HOME_REDCARDS,2,135,1444,362,0.076177,0.275655,0.00021799999999999597,0.149105,0.00014599999999999336,361.86,195.735,0.271605,0.014568000000000001,0.00026599999999998847,0.14784350000000002,0.0074885,0.0004974999999999979,356.53999999999996,194.07999999999998,0.9171,0.8591
lstm_mlp_multioutput_torch,cform_diffmean_diffsum_form_mean_nplayers_stage_sum,HOME_SHOTS_ON_TARGET,2,135,1444,362,5.049861,2.6794725,0.019537499999999985,2.1570735,0.03120450000000008,53.06,42.715,2.6292,0.09721099999999999,7.700000000010476e-05,2.092499,0.079266,0.0007589999999999542,52.065,41.435,0.1243,0.60775
lstm_mlp_multioutput_torch,cform_diffmean_diffsum_form_mean_nplayers_stage_sum,HOME_YELLOWCARDS,2,135,1444,362,1.899585,1.3103475,0.003214499999999898,1.068452,0.0015460000000000473,68.98,56.25,1.3429365,0.042683,0.0019015000000000004,1.0745345,0.031204000000000003,0.0007105000000000583,70.69999999999999,56.565,0.2652,0.3246
lstm_mlp_torch,cform_diffmean_diffsum_form_mean_nplayers_odds_raw_stage_sum,AWAY_CORNERS,1,270,1444,362,4.145429,2.495084,0.0,1.963403,0.0,60.19,47.36,2.583484,0.063715,0.0,2.006467,0.051607,0.0,62.32,48.4,0.1492,0.5912
lstm_mlp_torch,cform_diffmean_diffsum_form_mean_nplayers_odds_raw_stage_sum,AWAY_FOULS,1,270,1444,362,11.677271,4.527877,0.0,3.525151,0.0,38.78,30.19,4.479326,0.042232,0.0,3.468855,0.059892,0.0,38.36,29.71,0.1326,0.4724
lstm_mlp_torch,cform_diffmean_diffsum_form_mean_nplayers_odds_raw_stage_sum,AWAY_GOALS,1,270,1444,362,1.306094,1.060368,0.0,0.825508,0.0,81.19,63.2,1.182576,0.059085,0.0,0.921855,0.054028,0.0,90.54,70.58,0.3729,0.5221
lstm_mlp_torch,cform_diffmean_diffsum_form_mean_nplayers_odds_raw_stage_sum,AWAY_OFFSIDES,1,270,1444,362,1.741046,1.526557,0.0,1.145425,0.0,87.68,65.79,1.49276,0.033664,0.0,1.141828,0.022608,0.0,85.74,65.58,0.2486,0.4282
lstm_mlp_torch,cform_diffmean_diffsum_form_mean_nplayers_odds_raw_stage_sum,AWAY_REDCARDS,1,270,1444,362,0.105956,0.318041,0.0,0.153646,0.0,300.16,145.01,0.321668,0.025783,0.0,0.171434,0.013761,0.0,303.59,161.8,0.9254,0.8591
lstm_mlp_torch,cform_diffmean_diffsum_form_mean_nplayers_odds_raw_stage_sum,AWAY_SHOTS_ON_TARGET,1,270,1444,362,3.945291,2.230331,0.0,1.744883,0.0,56.53,44.23,2.392052,0.151386,0.0,1.869203,0.103982,0.0,60.63,47.38,0.1934,0.6436
lstm_mlp_torch,cform_diffmean_diffsum_form_mean_nplayers_odds_raw_stage_sum,AWAY_YELLOWCARDS,1,270,1444,362,2.132964,1.530234,0.0,1.205672,0.0,71.74,56.53,1.485079,0.054258,0.0,1.182317,0.046862,0.0,69.63,55.43,0.2624,0.2983
lstm_mlp_torch,cform_diffmean_diffsum_form_mean_nplayers_odds_raw_stage_sum,HOME_CORNERS,1,270,1444,362,5.304709,3.09804,0.0,2.503155,0.0,58.4,47.19,2.965932,0.103403,0.0,2.357745,0.085777,0.0,55.91,44.45,0.116,0.5912
lstm_mlp_torch,cform_diffmean_diffsum_form_mean_nplayers_odds_raw_stage_sum,HOME_FOULS,1,270,1444,362,11.648684,3.914866,0.0,3.155267,0.0,33.61,27.09,4.121118,0.129674,0.0,3.18832,0.126212,0.0,35.38,27.37,0.0773,0.4724
lstm_mlp_torch,cform_diffmean_diffsum_form_mean_nplayers_odds_raw_stage_sum,HOME_GOALS,1,270,1444,362,1.646814,1.310466,0.0,1.028195,0.0,79.58,62.44,1.29207,0.057396,0.0,1.008178,0.040187,0.0,78.46,61.22,0.2845,0.5221
lstm_mlp_torch,cform_diffmean_diffsum_form_mean_nplayers_odds_raw_stage_sum,HOME_OFFSIDES,1,270,1444,362,1.902957,1.619102,0.0,1.251516,0.0,85.08,65.77,1.632107,0.112114,0.0,1.227813,0.062224,0.0,85.77,64.52,0.2459,0.4282
lstm_mlp_torch,cform_diffmean_diffsum_form_mean_nplayers_odds_raw_stage_sum,HOME_REDCARDS,1,270,1444,362,0.076177,0.274275,0.0,0.122113,0.0,360.05,160.3,0.269441,0.013145,0.0,0.118267,0.019353,0.0,353.7,155.25,0.9171,0.8591
lstm_mlp_torch,cform_diffmean_diffsum_form_mean_nplayers_odds_raw_stage_sum,HOME_SHOTS_ON_TARGET,1,270,1444,362,5.049861,2.663809,0.0,2.136794,0.0,52.75,42.31,2.633926,0.095154,0.0,2.094367,0.076081,0.0,52.16,41.47,0.1354,0.6436
lstm_mlp_torch,cform_diffmean_diffsum_form_mean_nplayers_odds_raw_stage_sum,HOME_YELLOWCARDS,1,270,1444,362,1.899585,1.330924,0.0,1.096416,0.0,70.06,57.72,1.342279,0.045333,0.0,1.080583,0.026622,0.0,70.66,56.89,0.2486,0.2983
lstm_mlp_torch,cform_diffmean_diffsum_form_mean_nplayers_odds_stage_sum,AWAY_CORNERS,1,156,1444,362,4.145429,2.475012,0.0,1.949757,0.0,59.7,47.03,2.576275,0.052036,0.0,1.989209,0.03832,0.0,62.15,47.99,0.1464,0.5746
lstm_mlp_torch,cform_diffmean_diffsum_form_mean_nplayers_odds_stage_sum,AWAY_FOULS,1,156,1444,362,11.677271,4.508003,0.0,3.50109,0.0,38.6,29.98,4.431456,0.073855,0.0,3.416499,0.089453,0.0,37.95,29.26,0.1326,0.4392
lstm_mlp_torch,cform_diffmean_diffsum_form_mean_nplayers_odds_stage_sum,AWAY_GOALS,1,156,1444,362,1.306094,1.041845,0.0,0.805698,0.0,79.77,61.69,1.195865,0.072038,0.0,0.93076,0.066364,0.0,91.56,71.26,0.3702,0.547
lstm_mlp_torch,cform_diffmean_diffsum_form_mean_nplayers_odds_stage_sum,AWAY_OFFSIDES,1,156,1444,362,1.741046,1.487611,0.0,1.12872,0.0,85.44,64.83,1.474127,0.032043,0.0,1.12302,0.020361,0.0,84.67,64.5,0.2762,0.4254
lstm_mlp_torch,cform_diffmean_diffsum_form_mean_nplayers_odds_stage_sum,AWAY_REDCARDS,1,156,1444,362,0.105956,0.319515,0.0,0.135518,0.0,301.56,127.9,0.321117,0.025234,0.0,0.180812,0.018369,0.0,303.07,170.65,0.9254,0.8591
lstm_mlp_torch,cform_diffmean_diffsum_form_mean_nplayers_odds_stage_sum,AWAY_SHOTS_ON_TARGET,1,156,1444,362,3.945291,2.200037,0.0,1.756513,0.0,55.76,44.52,2.375029,0.138445,0.0,1.850489,0.089156,0.0,60.2,46.9,0.1685,0.6354
lstm_mlp_torch,cform_diffmean_diffsum_form_mean_nplayers_odds_stage_sum,AWAY_YELLOWCARDS,1,156,1444,362,2.132964,1.527722,0.0,1.2249,0.0,71.62,57.43,1.473165,0.04792,0.0,1.170877,0.049031,0.0,69.07,54.89,0.2541,0.3729
lstm_mlp_torch,cform_diffmean_diffsum_form_mean_nplayers_odds_stage_sum,HOME_CORNERS,1,156,1444,362,5.304709,3.045473,0.0,2.440755,0.0,57.41,46.01,2.981678,0.099208,0.0,2.374041,0.090266,0.0,56.21,44.75,0.1436,0.5746
lstm_mlp_torch,cform_diffmean_diffsum_form_mean_nplayers_odds_stage_sum,HOME_FOULS,1,156,1444,362,11.648684,3.889501,0.0,3.13233,0.0,33.39,26.89,4.092285,0.112283,0.0,3.193661,0.112298,0.0,35.13,27.42,0.0939,0.4392
lstm_mlp_torch,cform_diffmean_diffsum_form_mean_nplayers_odds_stage_sum,HOME_GOALS,1,156,1444,362,1.646814,1.321693,0.0,1.028448,0.0,80.26,62.45,1.307827,0.074187,0.0,1.006387,0.050319,0.0,79.42,61.11,0.2845,0.547
lstm_mlp_torch,cform_diffmean_diffsum_form_mean_nplayers_odds_stage_sum,HOME_OFFSIDES,1,156,1444,362,1.902957,1.615989,0.0,1.247817,0.0,84.92,65.57,1.618406,0.107695,0.0,1.225776,0.061557,0.0,85.05,64.41,0.2597,0.4254
lstm_mlp_torch,cform_diffmean_diffsum_form_mean_nplayers_odds_stage_sum,HOME_REDCARDS,1,156,1444,362,0.076177,0.272887,0.0,0.116412,0.0,358.23,152.82,0.271727,0.014429,0.0,0.130053,0.014885,0.0,356.7,170.72,0.9171,0.8591
lstm_mlp_torch,cform_diffmean_diffsum_form_mean_nplayers_odds_stage_sum,HOME_SHOTS_ON_TARGET,1,156,1444,362,5.049861,2.632895,0.0,2.110275,0.0,52.14,41.79,2.625819,0.109948,0.0,2.081407,0.080035,0.0,52.0,41.22,0.1381,0.6354
lstm_mlp_torch,cform_diffmean_diffsum_form_mean_nplayers_odds_stage_sum,HOME_YELLOWCARDS,1,156,1444,362,1.899585,1.336167,0.0,1.088703,0.0,70.34,57.31,1.371171,0.047312,0.0,1.104173,0.027851,0.0,72.18,58.13,0.2597,0.3729
lstm_mlp_torch,cform_diffmean_diffsum_form_mean_nplayers_raw_stage_sum,AWAY_CORNERS,2,249,1444,362,4.145429,2.511483,0.012016999999999944,1.9846845,0.008864500000000053,60.58,47.875,2.5887409999999997,0.068338,0.010998000000000063,2.0083465,0.047165,0.004437499999999872,62.445,48.445,0.15055000000000002,0.55665
lstm_mlp_torch,cform_diffmean_diffsum_form_mean_nplayers_raw_stage_sum,AWAY_FOULS,2,249,1444,362,11.677271,4.5339465,0.044075499999999934,3.5451315,0.034135500000000096,38.825,30.36,4.444836499999999,0.055362,0.020149500000000042,3.427616,0.06666549999999999,0.022244999999999848,38.065,29.35,0.11324999999999999,0.4088
lstm_mlp_torch,cform_diffmean_diffsum_form_mean_nplayers_raw_stage_sum,AWAY_GOALS,2,249,1444,362,1.306094,1.0596925,0.0035775000000000112,0.8309234999999999,0.006942500000000018,81.13499999999999,63.620000000000005,1.198405,0.061074,0.008213000000000026,0.9271085,0.049378000000000005,0.0029255000000000253,91.755,70.985,0.36460000000000004,0.55525
lstm_mlp_torch,cform_diffmean_diffsum_form_mean_nplayers_raw_stage_sum,AWAY_OFFSIDES,2,249,1444,362,1.741046,1.5159764999999998,0.014860500000000054,1.139823,0.0019009999999999305,87.075,65.47,1.492471,0.032323,0.005906999999999996,1.1313855,0.0287375,0.005338500000000024,85.72,64.98500000000001,0.26935,0.41435
lstm_mlp_torch,cform_diffmean_diffsum_form_mean_nplayers_raw_stage_sum,AWAY_REDCARDS,2,249,1444,362,0.105956,0.3206695,0.001982499999999998,0.166871,0.019930000000000003,302.645,157.49,0.3219375,0.025914,0.00016450000000001186,0.172288,0.023879,0.004389000000000004,303.845,162.60500000000002,0.9254,0.8591
lstm_mlp_torch,cform_diffmean_diffsum_form_mean_nplayers_raw_stage_sum,AWAY_SHOTS_ON_TARGET,2,249,1444,362,3.945291,2.2152564999999997,0.005332499999999962,1.7559475,0.0006085000000000118,56.144999999999996,44.505,2.405965,0.146536,0.00863299999999989,1.8730025000000001,0.0880335,0.003274499999999958,60.980000000000004,47.475,0.17405,0.6091
lstm_mlp_torch,cform_diffmean_diffsum_form_mean_nplayers_raw_stage_sum,AWAY_YELLOWCARDS,2,249,1444,362,2.132964,1.547935,0.0024969999999999715,1.2282655,0.012313500000000088,72.57,57.584999999999994,1.4514875,0.050551,0.0036775,1.1543125,0.0336655,0.00632149999999998,68.05,54.114999999999995,0.2472,0.3453
lstm_mlp_torch,cform_diffmean_diffsum_form_mean_nplayers_raw_stage_sum,HOME_CORNERS,2,249,1444,362,5.304709,3.141311,0.024140999999999968,2.515923,0.011433000000000026,59.215,47.425,2.974637,0.107077,0.019522999999999957,2.3635585,0.07274,0.013907499999999962,56.075,44.555,0.1105,0.55665
lstm_mlp_torch,cform_diffmean_diffsum_form_mean_nplayers_raw_stage_sum,HOME_FOULS,2,249,1444,362,11.648684,3.9314655,0.023117499999999902,3.183367,0.016999999999999904,33.75,27.325,4.1148135,0.131212,0.012899500000000064,3.183405,0.1255895,0.015679,35.325,27.325000000000003,0.08979999999999999,0.4088
lstm_mlp_torch,cform_diffmean_diffsum_form_mean_nplayers_raw_stage_sum,HOME_GOALS,2,249,1444,362,1.646814,1.300858,0.0011419999999999764,1.026914,0.001523000000000052,78.99000000000001,62.36,1.2939835,0.064737,0.000603499999999979,1.0145875,0.040491,0.0004295000000000826,78.575,61.61,0.2942,0.55525
lstm_mlp_torch,cform_diffmean_diffsum_form_mean_nplayers_raw_stage_sum,HOME_OFFSIDES,2,249,1444,362,1.902957,1.6408555,0.022440500000000085,1.2541535000000001,0.007352499999999984,86.22999999999999,65.905,1.640655,0.1071095,0.0047280000000000655,1.25365,0.074594,0.006152000000000046,86.215,65.88,0.26380000000000003,0.41435
lstm_mlp_torch,cform_diffmean_diffsum_form_mean_nplayers_raw_stage_sum,HOME_REDCARDS,2,249,1444,362,0.076177,0.27658,0.00019700000000000273,0.14797949999999999,0.010710499999999998,363.075,194.26,0.2732375,0.0154625,0.00033750000000001834,0.122597,0.0166315,0.004623000000000002,358.685,160.94,0.9171,0.8591
lstm_mlp_torch,cform_diffmean_diffsum_form_mean_nplayers_raw_stage_sum,HOME_SHOTS_ON_TARGET,2,249,1444,362,5.049861,2.7595335,0.025342500000000046,2.2387195,0.015482499999999844,54.644999999999996,44.335,2.668933,0.09017649999999999,0.006143999999999927,2.119625,0.057328000000000004,0.00046600000000007746,52.849999999999994,41.97,0.1326,0.6091
lstm_mlp_torch,cform_diffmean_diffsum_form_mean_nplayers_raw_stage_sum,HOME_YELLOWCARDS,2,249,1444,362,1.899585,1.3136555,0.01565850000000002,1.060842,0.013673000000000046,69.155,55.85,1.3518729999999999,0.047564499999999996,0.006644999999999901,1.0871985,0.026661,0.0075344999999999995,71.16999999999999,57.235,0.26795,0.3453
lstm_mlp_torch,cform_diffmean_diffsum_form_mean_nplayers_stage_sum,AWAY_CORNERS,2,135,1444,362,4.145429,2.4954454999999998,0.0016334999999998434,1.955251,0.0016369999999999996,60.2,47.17,2.5767075,0.06094,0.008438500000000015,1.99375,0.036626,0.006023999999999918,62.155,48.095,0.16715000000000002,0.5663
lstm_mlp_torch,cform_diffmean_diffsum_form_mean_nplayers_stage_sum,AWAY_FOULS,2,135,1444,362,11.677271,4.509672,0.014156999999999975,3.5226699999999997,0.010732000000000186,38.620000000000005,30.165,4.432408,0.0564715,0.0039199999999999235,3.4324044999999996,0.0709505,0.006365500000000024,37.955,29.395,0.10635,0.41025
lstm_mlp_torch,cform_diffmean_diffsum_form_mean_nplayers_stage_sum,AWAY_GOALS,2,135,1444,362,1.306094,1.0590435,0.0033695000000000253,0.825623,0.005958000000000019,81.08500000000001,63.215,1.19658,0.053995,0.006323999999999996,0.9313845000000001,0.045561500000000005,0.007434499999999955,91.615,71.31,0.3881,0.55385
lstm_mlp_torch,cform_diffmean_diffsum_form_mean_nplayers_stage_sum,AWAY_OFFSIDES,2,135,1444,362,1.741046,1.4995655,0.012105499999999991,1.1511200000000001,0.011286999999999938,86.13,66.11500000000001,1.474034,0.033431999999999996,0.0036599999999999966,1.130564,0.0178735,0.0006289999999999907,84.66,64.935,0.27490000000000003,0.3895
lstm_mlp_torch,cform_diffmean_diffsum_form_mean_nplayers_stage_sum,AWAY_REDCARDS,2,135,1444,362,0.105956,0.31769400000000003,0.00041100000000002246,0.151702,0.010556999999999997,299.83500000000004,143.175,0.321742,0.026453,0.00040100000000001246,0.1680865,0.019108,0.010412499999999991,303.65999999999997,158.64,0.9254,0.8591
lstm_mlp_torch,cform_diffmean_diffsum_form_mean_nplayers_stage_sum,AWAY_SHOTS_ON_TARGET,2,135,1444,362,3.945291,2.183992,0.0059149999999998926,1.734635,0.008058999999999927,55.36,43.965,2.3877405,0.13910499999999998,0.001379500000000089,1.856557,0.0889635,0.0005880000000000329,60.525000000000006,47.055,0.17265,0.6477999999999999
lstm_mlp_torch,cform_diffmean_diffsum_form_mean_nplayers_stage_sum,AWAY_YELLOWCARDS,2,135,1444,362,2.132964,1.561838,6.700000000003925e-05,1.256716,0.004546999999999968,73.225,58.92,1.438213,0.048531000000000005,0.006836999999999982,1.1483395,0.033953,0.005420499999999939,67.43,53.835,0.2265,0.32045
lstm_mlp_torch,cform_diffmean_diffsum_form_mean_nplayers_stage_sum,HOME_CORNERS,2,135,1444,362,5.304709,3.1389855,0.009656500000000179,2.536632,0.022696999999999967,59.175,47.82,2.9795305,0.1042755,0.006702500000000056,2.3620004999999997,0.081898,0.0001374999999999016,56.165,44.525000000000006,0.1077,0.5663
lstm_mlp_torch,cform_diffmean_diffsum_form_mean_nplayers_stage_sum,HOME_FOULS,2,135,1444,362,11.648684,3.9317460000000004,0.007128000000000023,3.2095675000000004,0.013227499999999948,33.75,27.555,4.1026595,0.1349645,0.02312749999999975,3.1811475,0.1304835,0.01745450000000015,35.22,27.310000000000002,0.0856,0.41025
lstm_mlp_torch,cform_diffmean_diffsum_form_mean_nplayers_stage_sum,HOME_GOALS,2,135,1444,362,1.646814,1.3120585,0.013355500000000076,1.024448,0.010928000000000049,79.67,62.205,1.2824695,0.056584999999999996,0.0003315000000000401,1.0080814999999999,0.039127999999999996,0.003978499999999996,77.88,61.215,0.2928,0.55385
lstm_mlp_torch,cform_diffmean_diffsum_form_mean_nplayers_stage_sum,HOME_OFFSIDES,2,135,1444,362,1.902957,1.6309835,0.004182499999999978,1.2537470000000002,0.0010890000000000066,85.71000000000001,65.88499999999999,1.6162095,0.104754,0.01298049999999995,1.2264490000000001,0.0640645,0.0035079999999999556,84.93,64.44999999999999,0.26105,0.3895
lstm_mlp_torch,cform_diffmean_diffsum_form_mean_nplayers_stage_sum,HOME_REDCARDS,2,135,1444,362,0.076177,0.27590800000000004,5.4999999999999494e-05,0.15236650000000002,0.011970500000000009,362.19,200.015,0.27298350000000005,0.0160105,0.0004065000000000041,0.134127,0.010317,0.004414000000000001,358.355,176.075,0.9171,0.8591
lstm_mlp_torch,cform_diffmean_diffsum_form_mean_nplayers_stage_sum,HOME_SHOTS_ON_TARGET,2,135,1444,362,5.049861,2.671018,0.02226400000000006,2.1538975000000002,0.020769499999999885,52.89,42.650000000000006,2.621149,0.10312199999999999,0.00758700000000001,2.0753065,0.0810025,0.009607499999999991,51.91,41.099999999999994,0.13119999999999998,0.6477999999999999
lstm_mlp_torch,cform_diffmean_diffsum_form_mean_nplayers_stage_sum,HOME_YELLOWCARDS,2,135,1444,362,1.899585,1.3106200000000001,0.008549999999999947,1.0539770000000002,0.0010869999999999491,68.995,55.485,1.3410980000000001,0.0433425,0.002827000000000024,1.077113,0.031916,0.007962000000000025,70.6,56.7,0.28864999999999996,0.32045
mlp_multioutput_torch,cform_diffmean_diffsum_form_mean_nplayers_odds_raw_stage_sum,AWAY_CORNERS,2,270,1444,362,4.105759,2.4763390000000003,0.0013680000000000359,1.9495845,0.0004954999999999821,60.315,47.485,2.596382,0.0741555,0.007492999999999972,2.015952,0.032983,0.009234000000000187,63.24,49.105000000000004,0.16849999999999998,0.5829
mlp_multioutput_torch,cform_diffmean_diffsum_form_mean_nplayers_odds_raw_stage_sum,AWAY_FOULS,2,270,1444,362,11.71474,4.6229745,0.005442500000000017,3.6405234999999996,0.002403500000000003,39.465,31.08,4.485581,0.04508,0.0026960000000002537,3.4890625,0.06770799999999999,0.0006315000000001181,38.290000000000006,29.785,0.12564999999999998,0.35635
mlp_multioutput_torch,cform_diffmean_diffsum_form_mean_nplayers_odds_raw_stage_sum,AWAY_GOALS,2,270,1444,362,1.275194,1.0612184999999998,0.0026015000000000343,0.841708,0.003697999999999979,83.22,66.00999999999999,1.2017185000000001,0.071804,0.0010985000000000023,0.938288,0.0591545,0.0011180000000000079,94.235,73.58,0.34945000000000004,0.53455
mlp_multioutput_torch,cform_diffmean_diffsum_form_mean_nplayers_odds_raw_stage_sum,AWAY_OFFSIDES,2,270,1444,362,1.735969,1.513487,0.01512200000000008,1.1524685,0.0131135,87.185,66.38499999999999,1.484706,0.029602999999999997,0.0012900000000000134,1.1332814999999998,0.019907,0.0017464999999999842,85.525,65.28,0.2721,0.40195000000000003
mlp_multioutput_torch,cform_diffmean_diffsum_form_mean_nplayers_odds_raw_stage_sum,AWAY_REDCARDS,2,270,1444,362,0.101883,0.33311250000000003,0.01373149999999998,0.21909399999999998,0.04433899999999999,326.95500000000004,215.05,0.342495,0.027936,0.017224000000000017,0.2418915,0.02789,0.0468335,336.16499999999996,237.42,0.92265,0.85635
mlp_multioutput_torch,cform_diffmean_diffsum_form_mean_nplayers_odds_raw_stage_sum,AWAY_SHOTS_ON_TARGET,2,270,1444,362,3.877076,2.2289505,0.01703750000000004,1.76897,0.023237000000000063,57.489999999999995,45.629999999999995,2.4087735,0.14370650000000001,0.009829499999999936,1.882991,0.09016450000000001,0.009342000000000072,62.13,48.57,0.1837,0.60775
mlp_multioutput_torch,cform_diffmean_diffsum_form_mean_nplayers_odds_raw_stage_sum,AWAY_YELLOWCARDS,2,270,1444,362,2.142303,1.5312855,0.009625499999999954,1.234744,0.007734999999999936,71.48,57.64,1.4567315,0.0484215,0.008911499999999961,1.1672055000000001,0.0419925,0.012184499999999931,67.995,54.48,0.23620000000000002,0.2983
mlp_multioutput_torch,cform_diffmean_diffsum_form_mean_nplayers_odds_raw_stage_sum,HOME_CORNERS,2,270,1444,362,5.356035,3.0694175,0.02067350000000001,2.46059,0.017754999999999965,57.305,45.94,2.9622275,0.0925835,0.009944500000000023,2.3581695,0.065892,0.010881499999999988,55.305,44.03,0.1119,0.5829
mlp_multioutput_torch,cform_diffmean_diffsum_form_mean_nplayers_odds_raw_stage_sum,HOME_FOULS,2,270,1444,362,11.655205,3.965165,0.020107000000000097,3.173064,0.00402900000000006,34.019999999999996,27.225,4.1671895,0.1257405,0.006358500000000156,3.2225485,0.1162435,0.01600950000000001,35.755,27.65,0.09255,0.35635
mlp_multioutput_torch,cform_diffmean_diffsum_form_mean_nplayers_odds_raw_stage_sum,HOME_GOALS,2,270,1444,362,1.643965,1.3197480000000001,0.0045119999999999605,1.0481129999999999,0.007866999999999957,80.275,63.755,1.3164820000000002,0.0575745,0.0041799999999999615,1.027043,0.035202,0.0018120000000000358,80.08,62.47,0.2735,0.53455
mlp_multioutput_torch,cform_diffmean_diffsum_form_mean_nplayers_odds_raw_stage_sum,HOME_OFFSIDES,2,270,1444,362,1.931096,1.6343345,0.0008285000000000098,1.2523105,0.0014215000000000755,84.635,64.85,1.6357620000000002,0.1092095,0.008468999999999949,1.239278,0.0593065,0.013593999999999995,84.705,64.175,0.26105,0.40195000000000003
mlp_multioutput_torch,cform_diffmean_diffsum_form_mean_nplayers_odds_raw_stage_sum,HOME_REDCARDS,2,270,1444,362,0.077519,0.28528600000000004,0.008283000000000013,0.177958,0.03192300000000001,368.015,229.565,0.2994065,0.022629999999999997,0.0262115,0.2139875,0.029398,0.05908350000000001,386.235,276.045,0.9171,0.85635
mlp_multioutput_torch,cform_diffmean_diffsum_form_mean_nplayers_odds_raw_stage_sum,HOME_SHOTS_ON_TARGET,2,270,1444,362,5.071982,2.7038105000000003,0.0016825000000000312,2.1718265,0.008115499999999942,53.31,42.81999999999999,2.6536685,0.06576850000000001,0.005106499999999903,2.1088585,0.045625,0.006316499999999836,52.32,41.575,0.13124999999999998,0.60775
mlp_multioutput_torch,cform_diffmean_diffsum_form_mean_nplayers_odds_raw_stage_sum,HOME_YELLOWCARDS,2,270,1444,362,1.900886,1.3042725000000002,0.0060675000000000034,1.054317,0.012321999999999944,68.61000000000001,55.465,1.3503444999999998,0.040514999999999995,0.013640500000000055,1.0772875000000002,0.022345999999999998,0.01217250000000003,71.03999999999999,56.67,0.2873,0.2983
mlp_multioutput_torch,cform_diffmean_diffsum_form_mean_nplayers_odds_stage_sum,AWAY_CORNERS,2,156,1444,362,4.105759,2.4634555000000002,0.00746250000000015,1.947164,0.0023209999999999065,60.0,47.425,2.5852785,0.060457,0.004457500000000003,2.013331,0.034862000000000004,0.007954000000000017,62.97,49.035,0.15745,0.5815
mlp_multioutput_torch,cform_diffmean_diffsum_form_mean_nplayers_odds_stage_sum,AWAY_FOULS,2,156,1444,362,11.71474,4.550174,0.0038879999999998915,3.577557,0.009390999999999927,38.84,30.54,4.4706265,0.042216000000000004,0.006133499999999792,3.468627,0.06190999999999999,0.0005939999999999834,38.16,29.605,0.11324999999999999,0.36605
mlp_multioutput_torch,cform_diffmean_diffsum_form_mean_nplayers_odds_stage_sum,AWAY_GOALS,2,156,1444,362,1.275194,1.0628760000000002,0.0031450000000000644,0.8378185,0.007199500000000025,83.35,65.705,1.1926665,0.067943,0.004577500000000012,0.9284825,0.06035600000000001,0.0055355000000000265,93.53,72.815,0.3467,0.5691
mlp_multioutput_torch,cform_diffmean_diffsum_form_mean_nplayers_odds_stage_sum,AWAY_OFFSIDES,2,156,1444,362,1.735969,1.5104955,0.006519500000000011,1.1509775,0.004197500000000076,87.015,66.30000000000001,1.470227,0.029257000000000002,0.0034769999999999524,1.1163175,0.017002,0.0017185000000000672,84.69,64.305,0.2721,0.38675
mlp_multioutput_torch,cform_diffmean_diffsum_form_mean_nplayers_odds_stage_sum,AWAY_REDCARDS,2,156,1444,362,0.101883,0.3243735,0.0005785000000000096,0.19365149999999998,0.007772500000000002,318.38,190.07,0.3295115,0.025057999999999997,0.004835499999999993,0.21235749999999998,0.019861499999999997,0.0203695,323.425,208.435,0.9254,0.8591
mlp_multioutput_torch,cform_diffmean_diffsum_form_mean_nplayers_odds_stage_sum,AWAY_SHOTS_ON_TARGET,2,156,1444,362,3.877076,2.2090815,0.0028774999999998663,1.7716414999999999,0.005288499999999918,56.974999999999994,45.695,2.3875175,0.146069,0.002615500000000104,1.862309,0.0933425,0.0035529999999999173,61.58,48.035,0.16435,0.616
mlp_multioutput_torch,cform_diffmean_diffsum_form_mean_nplayers_odds_stage_sum,AWAY_YELLOWCARDS,2,156,1444,362,2.142303,1.5270785,0.013166500000000081,1.2190575,0.008371500000000087,71.285,56.9,1.458997,0.046154,0.003950000000000009,1.165829,0.0359415,0.002523000000000053,68.105,54.42,0.25555,0.31910000000000005
mlp_multioutput_torch,cform_diffmean_diffsum_form_mean_nplayers_odds_stage_sum,HOME_CORNERS,2,156,1444,362,5.356035,3.085001,0.017605000000000093,2.485628,0.01246400000000003,57.6,46.41,2.964111,0.0871865,0.015397000000000105,2.360712,0.07236000000000001,0.007395999999999958,55.34,44.075,0.1243,0.5815
mlp_multioutput_torch,cform_diffmean_diffsum_form_mean_nplayers_odds_stage_sum,HOME_FOULS,2,156,1444,362,11.655205,3.9200625000000002,0.01590249999999993,3.1542515,0.00936950000000003,33.635000000000005,27.060000000000002,4.1559545,0.13151649999999998,0.001771500000000259,3.219594,0.117278,0.007292999999999994,35.655,27.625,0.09945,0.36605
mlp_multioutput_torch,cform_diffmean_diffsum_form_mean_nplayers_odds_stage_sum,HOME_GOALS,2,156,1444,362,1.643965,1.3120889999999998,0.007577999999999974,1.024068,0.005023,79.81,62.295,1.3004674999999999,0.059497,0.00520850000000006,1.013152,0.043806,0.00561199999999995,79.105,61.629999999999995,0.3025,0.5691
mlp_multioutput_torch,cform_diffmean_diffsum_form_mean_nplayers_odds_stage_sum,HOME_OFFSIDES,2,156,1444,362,1.931096,1.637312,0.010916999999999955,1.247727,0.001578999999999997,84.785,64.61,1.6244445,0.104727,0.0006745000000000223,1.2291699999999999,0.0584405,0.010846000000000022,84.125,63.65,0.2652,0.38675
mlp_multioutput_torch,cform_diffmean_diffsum_form_mean_nplayers_odds_stage_sum,HOME_REDCARDS,2,156,1444,362,0.077519,0.2834795,0.005164500000000016,0.177935,0.022206000000000004,365.69,229.535,0.282817,0.0137405,0.007841999999999988,0.1864345,0.0229085,0.0270865,364.83500000000004,240.5,0.9171,0.8591
mlp_multioutput_torch,cform_diffmean_diffsum_form_mean_nplayers_odds_stage_sum,HOME_SHOTS_ON_TARGET,2,156,1444,362,5.071982,2.661148,0.00777199999999989,2.156971,0.009956999999999994,52.465,42.525,2.6350439999999997,0.0828335,0.00022100000000002673,2.0901915,0.067635,0.0009974999999999845,51.955,41.209999999999994,0.12985,0.616
mlp_multioutput_torch,cform_diffmean_diffsum_form_mean_nplayers_odds_stage_sum,HOME_YELLOWCARDS,2,156,1444,362,1.900886,1.3057195,0.0057515000000000205,1.0510465,0.0001774999999999416,68.69,55.29,1.3496394999999999,0.039204,0.004987500000000034,1.0803145,0.0217655,0.0010525000000000118,71.0,56.835,0.2721,0.31910000000000005
mlp_multioutput_torch,cform_diffmean_diffsum_form_mean_nplayers_raw_stage_sum,AWAY_CORNERS,2,249,1444,362,4.105759,2.4885905,0.01625450000000006,1.9536769999999999,0.00872700000000004,60.614999999999995,47.584999999999994,2.589119,0.071134,0.003263000000000016,2.0105815,0.036906999999999995,0.004718499999999848,63.06,48.965,0.17265,0.55665
mlp_multioutput_torch,cform_diffmean_diffsum_form_mean_nplayers_raw_stage_sum,AWAY_FOULS,2,249,1444,362,11.71474,4.592674000000001,0.010533000000000126,3.63429,0.017167000000000154,39.2,31.025,4.480387,0.0698975,0.003989999999999938,3.4811735,0.0788385,0.002535500000000024,38.245000000000005,29.715,0.08565,0.4268
mlp_multioutput_torch,cform_diffmean_diffsum_form_mean_nplayers_raw_stage_sum,AWAY_GOALS,2,249,1444,362,1.275194,1.062983,0.004587000000000008,0.8331435,0.0003015000000000101,83.36,65.33500000000001,1.185373,0.0575955,0.0014559999999999018,0.9231830000000001,0.0491655,0.0006970000000000032,92.955,72.39500000000001,0.37155,0.5497000000000001
mlp_multioutput_torch,cform_diffmean_diffsum_form_mean_nplayers_raw_stage_sum,AWAY_OFFSIDES,2,249,1444,362,1.735969,1.499934,0.00442599999999993,1.1452624999999999,0.009131499999999959,86.405,65.975,1.4777005,0.0315585,0.0033575000000000133,1.1221235,0.019505500000000002,0.0021575000000000344,85.125,64.64,0.25965,0.384
mlp_multioutput_torch,cform_diffmean_diffsum_form_mean_nplayers_raw_stage_sum,AWAY_REDCARDS,2,249,1444,362,0.101883,0.3222215,0.0018814999999999804,0.1943845,0.014474500000000001,316.265,190.79500000000002,0.3240195,0.025530999999999998,0.0007534999999999903,0.1814805,0.010962,0.0049125,318.03,178.13,0.9254,0.8591
mlp_multioutput_torch,cform_diffmean_diffsum_form_mean_nplayers_raw_stage_sum,AWAY_SHOTS_ON_TARGET,2,249,1444,362,3.877076,2.2364295,0.00654750000000015,1.7762924999999998,0.002510499999999971,57.68,45.815,2.3966019999999997,0.13878600000000002,0.0047520000000000895,1.8609179999999999,0.08831449999999999,0.0013159999999999838,61.815,47.995000000000005,0.16849999999999998,0.605
mlp_multioutput_torch,cform_diffmean_diffsum_form_mean_nplayers_raw_stage_sum,AWAY_YELLOWCARDS,2,249,1444,362,2.142303,1.551677,0.008645999999999932,1.23437,0.001338999999999979,72.43,57.620000000000005,1.456016,0.0500695,0.002386999999999917,1.160761,0.039869,0.003359000000000001,67.965,54.185,0.24865,0.31489999999999996
mlp_multioutput_torch,cform_diffmean_diffsum_form_mean_nplayers_raw_stage_sum,HOME_CORNERS,2,249,1444,362,5.356035,3.1041695000000002,0.011532500000000168,2.492755,0.007968999999999893,57.955,46.54,2.9620015000000004,0.109987,0.009272500000000017,2.358215,0.0859485,0.005666999999999867,55.305,44.025000000000006,0.1105,0.55665
mlp_multioutput_torch,cform_diffmean_diffsum_form_mean_nplayers_raw_stage_sum,HOME_FOULS,2,249,1444,362,11.655205,3.960788,0.007597000000000076,3.20263,0.010137000000000063,33.985,27.48,4.141428,0.12548399999999998,0.005501999999999896,3.2189715,0.11065900000000001,0.008056499999999911,35.535,27.62,0.06079999999999999,0.4268
mlp_multioutput_torch,cform_diffmean_diffsum_form_mean_nplayers_raw_stage_sum,HOME_GOALS,2,249,1444,362,1.643965,1.30277,0.005676000000000014,1.03012,0.0004939999999999944,79.245,62.66,1.2946235000000001,0.0648205,0.00640150000000006,1.0136235,0.045472,0.005336500000000077,78.75,61.655,0.29835,0.5497000000000001
mlp_multioutput_torch,cform_diffmean_diffsum_form_mean_nplayers_raw_stage_sum,HOME_OFFSIDES,2,249,1444,362,1.931096,1.6437225,0.016563499999999953,1.2684989999999998,0.008938000000000001,85.12,65.69,1.6316915,0.106435,0.004208499999999948,1.229196,0.0600365,0.005298999999999943,84.495,63.655,0.26239999999999997,0.384
mlp_multioutput_torch,cform_diffmean_diffsum_form_mean_nplayers_raw_stage_sum,HOME_REDCARDS,2,249,1444,362,0.077519,0.275275,0.001693,0.144091,0.005544999999999994,355.105,185.875,0.274701,0.0144355,0.0015099999999999836,0.13656849999999998,0.008565,0.0097415,354.365,176.175,0.9171,0.8591
mlp_multioutput_torch,cform_diffmean_diffsum_form_mean_nplayers_raw_stage_sum,HOME_SHOTS_ON_TARGET,2,249,1444,362,5.071982,2.6688575,0.010086499999999887,2.1482785,0.03429750000000009,52.620000000000005,42.355000000000004,2.6390705,0.08754100000000001,0.006655499999999925,2.0953275,0.0627115,0.004108499999999848,52.03,41.31,0.14505,0.605
mlp_multioutput_torch,cform_diffmean_diffsum_form_mean_nplayers_raw_stage_sum,HOME_YELLOWCARDS,2,249,1444,362,1.900886,1.299313,0.0005070000000000352,1.0496185,0.002806499999999934,68.35499999999999,55.215,1.3425120000000001,0.046934000000000003,0.0006570000000000187,1.0745695,0.033974500000000005,0.0031565000000000065,70.625,56.53,0.2804,0.31489999999999996
mlp_multioutput_torch,cform_diffmean_diffsum_form_mean_nplayers_stage_sum,AWAY_CORNERS,2,135,1444,362,4.105759,2.4863095,0.00618149999999984,1.9509785,0.013620500000000035,60.56,47.519999999999996,2.5817555,0.06303399999999999,0.004469500000000126,1.9997920000000002,0.038423,0.0019220000000000903,62.88,48.705,0.16575,0.5718
mlp_multioutput_torch,cform_diffmean_diffsum_form_mean_nplayers_stage_sum,AWAY_FOULS,2,135,1444,362,11.71474,4.553657,0.023560999999999943,3.5513445,0.005761499999999975,38.870000000000005,30.314999999999998,4.4684375,0.053831000000000004,0.0051114999999999355,3.4731855,0.077863,0.005041499999999921,38.144999999999996,29.645000000000003,0.1174,0.37985
mlp_multioutput_torch,cform_diffmean_diffsum_form_mean_nplayers_stage_sum,AWAY_GOALS,2,135,1444,362,1.275194,1.052285,0.004967000000000055,0.82159,0.0062470000000000026,82.52,64.43,1.193063,0.061925999999999995,0.004472999999999949,0.9271674999999999,0.0516775,0.0038374999999999937,93.56,72.71000000000001,0.37015,0.5718
mlp_multioutput_torch,cform_diffmean_diffsum_form_mean_nplayers_stage_sum,AWAY_OFFSIDES,2,135,1444,362,1.735969,1.4812859999999999,0.010479999999999934,1.1316215,0.014825500000000047,85.33000000000001,65.185,1.472745,0.032980499999999996,0.001330999999999971,1.1195184999999999,0.020504500000000002,0.0028374999999999373,84.83500000000001,64.49000000000001,0.2721,0.39505
mlp_multioutput_torch,cform_diffmean_diffsum_form_mean_nplayers_stage_sum,AWAY_REDCARDS,2,135,1444,362,0.101883,0.317622,0.0013380000000000059,0.172835,0.010599999999999998,311.755,169.645,0.32461249999999997,0.023103,0.0005975000000000008,0.189584,0.00789,0.017513,318.615,186.07999999999998,0.9254,0.8591
mlp_multioutput_torch,cform_diffmean_diffsum_form_mean_nplayers_stage_sum,AWAY_SHOTS_ON_TARGET,2,135,1444,362,3.877076,2.228113,0.001578999999999997,1.769547,0.00309399999999993,57.47,45.64,2.384885,0.1350335,0.0042480000000000295,1.8533825,0.0901785,0.0005254999999999566,61.51,47.805,0.1934,0.63125
mlp_multioutput_torch,cform_diffmean_diffsum_form_mean_nplayers_stage_sum,AWAY_YELLOWCARDS,2,135,1444,362,2.142303,1.5570905,0.015324499999999963,1.2458235,0.011188500000000046,72.685,58.155,1.444991,0.046244,0.003354999999999997,1.1501365,0.0324495,0.008338499999999915,67.45,53.69,0.2334,0.33699999999999997
mlp_multioutput_torch,cform_diffmean_diffsum_form_mean_nplayers_stage_sum,HOME_CORNERS,2,135,1444,362,5.356035,3.077639,0.0005549999999998612,2.4761935,0.0005574999999999886,57.46,46.230000000000004,2.9626945,0.11290649999999999,0.0005334999999999646,2.3645685,0.08705850000000001,0.0013944999999999652,55.32,44.144999999999996,0.10635,0.5718
mlp_multioutput_torch,cform_diffmean_diffsum_form_mean_nplayers_stage_sum,HOME_FOULS,2,135,1444,362,11.655205,3.9061185,0.016608500000000026,3.158563,0.03631699999999993,33.515,27.1,4.1358250000000005,0.142052,0.010917999999999761,3.206409,0.1246775,0.01762600000000014,35.485,27.509999999999998,0.08424999999999999,0.37985
mlp_multioutput_torch,cform_diffmean_diffsum_form_mean_nplayers_stage_sum,HOME_GOALS,2,135,1444,362,1.643965,1.3190405,0.015334500000000029,1.0249145,0.01116549999999994,80.235,62.34,1.2969594999999998,0.058294,0.002251499999999962,1.014496,0.041268,0.006920000000000037,78.89500000000001,61.71,0.29695,0.5718
mlp_multioutput_torch,cform_diffmean_diffsum_form_mean_nplayers_stage_sum,HOME_OFFSIDES,2,135,1444,362,1.931096,1.6074735,0.005388500000000018,1.232105,0.008021000000000056,83.24,63.805,1.6205319999999999,0.118862,0.0008409999999999807,1.228394,0.072204,0.0040880000000000916,83.91499999999999,63.61,0.27485,0.39505
mlp_multioutput_torch,cform_diffmean_diffsum_form_mean_nplayers_stage_sum,HOME_REDCARDS,2,135,1444,362,0.077519,0.277791,0.0007639999999999869,0.1471825,0.008986499999999994,358.355,189.865,0.2736585,0.014395999999999999,0.0016075000000000117,0.149399,0.0079295,0.01603299999999999,353.02,192.725,0.9171,0.8591
mlp_multioutput_torch,cform_diffmean_diffsum_form_mean_nplayers_stage_sum,HOME_SHOTS_ON_TARGET,2,135,1444,362,5.071982,2.6419305,0.013431499999999819,2.153154,0.023805000000000073,52.085,42.45,2.6237725000000003,0.0818125,0.004596500000000114,2.0928305,0.06267450000000001,0.003510499999999972,51.730000000000004,41.26,0.1119,0.63125
mlp_multioutput_torch,cform_diffmean_diffsum_form_mean_nplayers_stage_sum,HOME_YELLOWCARDS,2,135,1444,362,1.900886,1.301798,0.006024999999999947,1.0551475,0.010023500000000074,68.485,55.51,1.3472835,0.04278,0.005500500000000019,1.081439,0.030163500000000003,0.008869999999999933,70.88,56.89,0.2804,0.33699999999999997
mlp_torch,cform_diffmean_diffsum_form_mean_nplayers_odds_raw_stage_sum,AWAY_CORNERS,1,270,1444,362,4.105759,2.486653,0.0,1.956565,0.0,60.57,47.65,2.594831,0.066595,0.0,2.017853,0.05245,0.0,63.2,49.15,0.1519,0.5912
mlp_torch,cform_diffmean_diffsum_form_mean_nplayers_odds_raw_stage_sum,AWAY_FOULS,1,270,1444,362,11.71474,4.515305,0.0,3.513473,0.0,38.54,29.99,4.552045,0.099936,0.0,3.528735,0.099044,0.0,38.86,30.12,0.1326,0.4033
mlp_torch,cform_diffmean_diffsum_form_mean_nplayers_odds_raw_stage_sum,AWAY_GOALS,1,270,1444,362,1.275194,1.045992,0.0,0.81862,0.0,82.03,64.2,1.18712,0.060194,0.0,0.923057,0.048054,0.0,93.09,72.39,0.3702,0.5746
mlp_torch,cform_diffmean_diffsum_form_mean_nplayers_odds_raw_stage_sum,AWAY_OFFSIDES,1,270,1444,362,1.735969,1.533281,0.0,1.15798,0.0,88.32,66.71,1.4914,0.027384,0.0,1.131116,0.017445,0.0,85.91,65.16,0.268,0.4116
mlp_torch,cform_diffmean_diffsum_form_mean_nplayers_odds_raw_stage_sum,AWAY_REDCARDS,1,270,1444,362,0.101883,0.320073,0.0,0.165179,0.0,314.16,162.13,0.324939,0.024488,0.0,0.166116,0.02011,0.0,318.94,163.05,0.9254,0.8619
mlp_torch,cform_diffmean_diffsum_form_mean_nplayers_odds_raw_stage_sum,AWAY_SHOTS_ON_TARGET,1,270,1444,362,3.877076,2.245787,0.0,1.795068,0.0,57.92,46.3,2.396709,0.14794,0.0,1.871271,0.08857,0.0,61.82,48.27,0.1685,0.6215
mlp_torch,cform_diffmean_diffsum_form_mean_nplayers_odds_raw_stage_sum,AWAY_YELLOWCARDS,1,270,1444,362,2.142303,1.641126,0.0,1.299661,0.0,76.61,60.67,1.511063,0.039867,0.0,1.209008,0.050011,0.0,70.53,56.43,0.232,0.326
mlp_torch,cform_diffmean_diffsum_form_mean_nplayers_odds_raw_stage_sum,HOME_CORNERS,1,270,1444,362,5.356035,3.088251,0.0,2.507208,0.0,57.66,46.81,3.000848,0.096488,0.0,2.393144,0.075716,0.0,56.03,44.68,0.1077,0.5912
mlp_torch,cform_diffmean_diffsum_form_mean_nplayers_odds_raw_stage_sum,HOME_FOULS,1,270,1444,362,11.655205,3.98798,0.0,3.210331,0.0,34.22,27.54,4.156239,0.102256,0.0,3.223941,0.081889,0.0,35.66,27.66,0.0912,0.4033
mlp_torch,cform_diffmean_diffsum_form_mean_nplayers_odds_raw_stage_sum,HOME_GOALS,1,270,1444,362,1.643965,1.331579,0.0,1.049845,0.0,81.0,63.86,1.314195,0.064782,0.0,1.026228,0.044066,0.0,79.94,62.42,0.2845,0.5746
mlp_torch,cform_diffmean_diffsum_form_mean_nplayers_odds_raw_stage_sum,HOME_OFFSIDES,1,270,1444,362,1.931096,1.635981,0.0,1.256661,0.0,84.72,65.07,1.664296,0.102476,0.0,1.254386,0.053978,0.0,86.18,64.96,0.2514,0.4116
mlp_torch,cform_diffmean_diffsum_form_mean_nplayers_odds_raw_stage_sum,HOME_REDCARDS,1,270,1444,362,0.077519,0.273982,0.0,0.124116,0.0,353.44,160.11,0.273534,0.015082,0.0,0.118362,0.00983,0.0,352.86,152.69,0.9199,0.8619
mlp_torch,cform_diffmean_diffsum_form_mean_nplayers_odds_raw_stage_sum,HOME_SHOTS_ON_TARGET,1,270,1444,362,5.071982,2.701369,0.0,2.171457,0.0,53.26,42.81,2.647414,0.07406,0.0,2.105488,0.05554,0.0,52.2,41.51,0.1381,0.6215
mlp_torch,cform_diffmean_diffsum_form_mean_nplayers_odds_raw_stage_sum,HOME_YELLOWCARDS,1,270,1444,362,1.900886,1.311044,0.0,1.072484,0.0,68.97,56.42,1.354912,0.045059,0.0,1.089628,0.028521,0.0,71.28,57.32,0.2486,0.326
mlp_torch,cform_diffmean_diffsum_form_mean_nplayers_odds_stage_sum,AWAY_CORNERS,2,156,1444,362,4.105759,2.4777205,0.006445500000000104,1.952598,0.01665799999999995,60.345,47.555,2.582371,0.0653245,0.015538000000000052,2.010715,0.0418215,0.01354399999999989,62.895,48.97,0.1616,0.5649500000000001
mlp_torch,cform_diffmean_diffsum_form_mean_nplayers_odds_stage_sum,AWAY_FOULS,2,156,1444,362,11.71474,4.566428999999999,0.004287000000000152,3.5758085,0.014717500000000161,38.980000000000004,30.525,4.476848,0.0649695,0.002618999999999705,3.480836,0.0875795,0.0006949999999998902,38.215,29.715,0.1036,0.39365
mlp_torch,cform_diffmean_diffsum_form_mean_nplayers_odds_stage_sum,AWAY_GOALS,2,156,1444,362,1.275194,1.0598519999999998,0.0014129999999999976,0.8350470000000001,0.005213999999999996,83.11,65.485,1.192865,0.06421450000000001,0.0016140000000000043,0.932671,0.0584315,0.0016039999999999943,93.545,73.14,0.355,0.5566500000000001
mlp_torch,cform_diffmean_diffsum_form_mean_nplayers_odds_stage_sum,AWAY_OFFSIDES,2,156,1444,362,1.735969,1.517198,0.0024009999999999865,1.1675585,0.0037964999999999804,87.4,67.26,1.496924,0.023441,0.004838999999999927,1.139383,0.0193945,0.0020050000000000345,86.23,65.63499999999999,0.26105,0.40885
mlp_torch,cform_diffmean_diffsum_form_mean_nplayers_odds_stage_sum,AWAY_REDCARDS,2,156,1444,362,0.101883,0.3192665,0.0017695000000000072,0.141546,0.008517999999999998,313.365,138.93,0.32384199999999996,0.025168,0.0007350000000000134,0.1679465,0.026592499999999998,0.00968250000000001,317.86,164.845,0.9254,0.8591
mlp_torch,cform_diffmean_diffsum_form_mean_nplayers_odds_stage_sum,AWAY_SHOTS_ON_TARGET,2,156,1444,362,3.877076,2.213135,0.01430599999999993,1.757372,0.023625000000000007,57.08,45.33,2.4175055,0.1311815,0.019118500000000038,1.8834849999999999,0.0915945,0.014854999999999952,62.355000000000004,48.58,0.1644,0.6326
mlp_torch,cform_diffmean_diffsum_form_mean_nplayers_odds_stage_sum,AWAY_YELLOWCARDS,2,156,1444,362,2.142303,1.5323615,0.0020255000000000134,1.226356,0.00471099999999991,71.525,57.24,1.450221,0.0490515,0.0016100000000000003,1.1549025,0.036545999999999995,0.00424749999999996,67.695,53.91,0.24585,0.34255
mlp_torch,cform_diffmean_diffsum_form_mean_nplayers_odds_stage_sum,HOME_CORNERS,2,156,1444,362,5.356035,3.1609185,0.03869149999999988,2.5561905,0.04744450000000011,59.015,47.725,2.9988925,0.0979785,0.020127499999999854,2.3941475,0.08827650000000001,0.019366500000000064,55.995,44.7,0.09670000000000001,0.5649500000000001
mlp_torch,cform_diffmean_diffsum_form_mean_nplayers_odds_stage_sum,HOME_FOULS,2,156,1444,362,11.655205,3.888728,0.027629000000000126,3.104477,0.02633899999999989,33.365,26.634999999999998,4.17426,0.11592849999999999,0.039215,3.269711,0.113053,0.028364999999999974,35.815,28.055,0.0953,0.39365
mlp_torch,cform_diffmean_diffsum_form_mean_nplayers_odds_stage_sum,HOME_GOALS,2,156,1444,362,1.643965,1.311843,0.004466999999999999,1.02101,0.007381000000000082,79.8,62.11,1.2929024999999998,0.061038,0.0006184999999999663,1.0097,0.044089500000000004,0.0022020000000000373,78.64500000000001,61.415,0.29145,0.5566500000000001
mlp_torch,cform_diffmean_diffsum_form_mean_nplayers_odds_stage_sum,HOME_OFFSIDES,2,156,1444,362,1.931096,1.6138445,0.012453500000000006,1.217225,0.00912500000000005,83.575,63.035,1.646874,0.111916,0.006301000000000001,1.255874,0.055837,0.005788000000000015,85.285,65.03,0.2887,0.40885
mlp_torch,cform_diffmean_diffsum_form_mean_nplayers_odds_stage_sum,HOME_REDCARDS,2,156,1444,362,0.077519,0.276558,0.00016800000000000148,0.146482,0.005194000000000004,356.76,188.95999999999998,0.2713405,0.01456,0.0003354999999999886,0.1234755,0.007963,0.001523499999999997,350.03,159.285,0.9171,0.8591
mlp_torch,cform_diffmean_diffsum_form_mean_nplayers_odds_stage_sum,HOME_SHOTS_ON_TARGET,2,156,1444,362,5.071982,2.6497795,0.02324650000000017,2.1379824999999997,0.025288500000000047,52.245000000000005,42.15,2.642182,0.0931475,0.008351999999999915,2.0877245,0.072645,0.006064500000000138,52.095,41.16,0.12015,0.6326
mlp_torch,cform_diffmean_diffsum_form_mean_nplayers_odds_stage_sum,HOME_YELLOWCARDS,2,156,1444,362,1.900886,1.3272335000000002,0.02521249999999997,1.0856050000000002,0.01899200000000001,69.825,57.11,1.3701315,0.04864,0.002147499999999969,1.0999560000000002,0.036293,0.0034049999999999914,72.08,57.864999999999995,0.2569,0.34255
mlp_torch,cform_diffmean_diffsum_form_mean_nplayers_raw_stage_sum,AWAY_CORNERS,2,249,1444,362,4.105759,2.501255,0.01035699999999995,1.9647275,0.012061499999999947,60.92,47.855000000000004,2.5970575,0.072383,0.0057754999999999335,2.015346,0.043431,0.004217000000000137,63.25,49.084999999999994,0.1699,0.57595
mlp_torch,cform_diffmean_diffsum_form_mean_nplayers_raw_stage_sum,AWAY_FOULS,2,249,1444,362,11.71474,4.5740739999999995,0.011672000000000349,3.5934155,0.048290500000000014,39.05,30.675,4.48346,0.04821,0.0025159999999999627,3.483847,0.0515265,0.010342000000000073,38.269999999999996,29.74,0.11324999999999999,0.42405000000000004
mlp_torch,cform_diffmean_diffsum_form_mean_nplayers_raw_stage_sum,AWAY_GOALS,2,249,1444,362,1.275194,1.0594865,0.008737500000000065,0.8296870000000001,0.0009359999999999924,83.08500000000001,65.065,1.1916915000000001,0.056967500000000004,0.002863500000000019,0.9253965,0.045329499999999995,0.003673499999999996,93.45500000000001,72.57,0.3605,0.54285
mlp_torch,cform_diffmean_diffsum_form_mean_nplayers_raw_stage_sum,AWAY_OFFSIDES,2,249,1444,362,1.735969,1.498329,0.004861999999999922,1.1408325,0.002627500000000005,86.31,65.72,1.496132,0.036032,0.010019999999999918,1.1391689999999999,0.0226405,0.011558999999999986,86.185,65.625,0.27344999999999997,0.41855
mlp_torch,cform_diffmean_diffsum_form_mean_nplayers_raw_stage_sum,AWAY_REDCARDS,2,249,1444,362,0.101883,0.32106,0.0010259999999999991,0.1589715,0.017433500000000005,315.125,156.02999999999997,0.323152,0.025964,0.00015999999999999348,0.17976550000000002,0.017318,0.0071874999999999994,317.17999999999995,176.445,0.9254,0.85775
mlp_torch,cform_diffmean_diffsum_form_mean_nplayers_raw_stage_sum,AWAY_SHOTS_ON_TARGET,2,249,1444,362,3.877076,2.2453735000000004,0.0031885000000000385,1.7762765,0.004517499999999952,57.915,45.815,2.4039685,0.137874,0.004222500000000018,1.876909,0.0751825,0.0015859999999999763,62.004999999999995,48.41,0.17404999999999998,0.6174
mlp_torch,cform_diffmean_diffsum_form_mean_nplayers_raw_stage_sum,AWAY_YELLOWCARDS,2,249,1444,362,2.142303,1.557489,1.4000000000069512e-05,1.2428995,0.004419500000000021,72.7,58.015,1.4612859999999999,0.055084499999999995,0.005170000000000008,1.1730055,0.041565,0.007656500000000066,68.21000000000001,54.754999999999995,0.25,0.355
mlp_torch,cform_diffmean_diffsum_form_mean_nplayers_raw_stage_sum,HOME_CORNERS,2,249,1444,362,5.356035,3.1223155,0.007761499999999977,2.502365,0.00018199999999990446,58.295,46.72,2.968966,0.111788,0.0016539999999998223,2.361828,0.0798805,0.004998000000000058,55.43,44.095,0.1105,0.57595
mlp_torch,cform_diffmean_diffsum_form_mean_nplayers_raw_stage_sum,HOME_FOULS,2,249,1444,362,11.655205,3.9491294999999997,0.018402499999999877,3.1958695,0.01322050000000008,33.885,27.42,4.1431705,0.13147750000000002,0.006323499999999704,3.2196755,0.1135025,0.0014775000000000205,35.545,27.625,0.0746,0.42405000000000004
mlp_torch,cform_diffmean_diffsum_form_mean_nplayers_raw_stage_sum,HOME_GOALS,2,249,1444,362,1.643965,1.324707,0.0021820000000000173,1.0459640000000001,0.00547299999999995,80.58,63.625,1.304508,0.0684665,0.0012179999999999414,1.0200525,0.045733499999999996,0.005793500000000007,79.355,62.05,0.2804,0.54285
mlp_torch,cform_diffmean_diffsum_form_mean_nplayers_raw_stage_sum,HOME_OFFSIDES,2,249,1444,362,1.931096,1.6715214999999999,0.002790500000000029,1.2852350000000001,0.000260000000000038,86.555,66.555,1.6360495,0.11325350000000001,0.0032925000000000315,1.2374524999999998,0.06268,0.00400250000000002,84.72,64.08,0.2431,0.41855
mlp_torch,cform_diffmean_diffsum_form_mean_nplayers_raw_stage_sum,HOME_REDCARDS,2,249,1444,362,0.077519,0.27709150000000005,0.0001285000000000036,0.1437045,0.0009014999999999995,357.445,185.38,0.274949,0.0146205,0.0004989999999999994,0.1438775,0.010274499999999999,0.005248500000000003,354.685,185.60000000000002,0.9157500000000001,0.85775
mlp_torch,cform_diffmean_diffsum_form_mean_nplayers_raw_stage_sum,HOME_SHOTS_ON_TARGET,2,249,1444,362,5.071982,2.7250414999999997,0.0110325,2.194893,0.012936999999999976,53.724999999999994,43.275000000000006,2.6405114999999997,0.081614,0.008839499999999889,2.0998685000000004,0.055371500000000004,0.009847500000000009,52.065,41.405,0.12845,0.6174
mlp_torch,cform_diffmean_diffsum_form_mean_nplayers_raw_stage_sum,HOME_YELLOWCARDS,2,249,1444,362,1.900886,1.3307625,0.002162499999999956,1.077176,0.0010339999999999794,70.005,56.665,1.3646335,0.041925500000000004,0.0001594999999999791,1.0903895000000001,0.036446,0.001919499999999963,71.78999999999999,57.36,0.26239999999999997,0.355
mlp_torch,cform_diffmean_diffsum_form_mean_nplayers_stage_sum,AWAY_CORNERS,2,135,1444,362,4.105759,2.496753,0.009453000000000156,1.9611735,0.0052754999999999885,60.81,47.765,2.5952845,0.057418,0.017655500000000046,2.0205685,0.034103499999999995,0.016116499999999867,63.21,49.215,0.17265000000000003,0.5814999999999999
mlp_torch,cform_diffmean_diffsum_form_mean_nplayers_stage_sum,AWAY_FOULS,2,135,1444,362,11.71474,4.5700455,0.012806499999999943,3.589842,0.035194999999999865,39.01,30.64,4.451549,0.062084,0.01112499999999983,3.4581739999999996,0.082028,0.008920000000000039,37.995000000000005,29.520000000000003,0.10775,0.4061
mlp_torch,cform_diffmean_diffsum_form_mean_nplayers_stage_sum,AWAY_GOALS,2,135,1444,362,1.275194,1.0521159999999998,0.005615999999999954,0.824986,0.002287000000000039,82.50999999999999,64.695,1.1928385000000001,0.0564095,0.002167499999999989,0.927312,0.0481685,0.001574999999999993,93.53999999999999,72.72,0.37015,0.5386500000000001
mlp_torch,cform_diffmean_diffsum_form_mean_nplayers_stage_sum,AWAY_OFFSIDES,2,135,1444,362,1.735969,1.490687,0.0012900000000000134,1.135378,0.005238000000000076,85.87,65.4,1.4794985,0.0298235,0.012386499999999967,1.1271095,0.020567500000000002,0.012589500000000031,85.225,64.92500000000001,0.27625,0.42264999999999997
mlp_torch,cform_diffmean_diffsum_form_mean_nplayers_stage_sum,AWAY_REDCARDS,2,135,1444,362,0.101883,0.318388,4.500000000001725e-05,0.1492175,0.011317500000000008,312.505,146.45999999999998,0.322299,0.0254415,0.0004870000000000152,0.1691275,0.0189825,0.0008864999999999984,316.345,166.0,0.9254,0.8591
mlp_torch,cform_diffmean_diffsum_form_mean_nplayers_stage_sum,AWAY_SHOTS_ON_TARGET,2,135,1444,362,3.877076,2.2128490000000003,0.01002000000000014,1.7542185,0.005954499999999974,57.075,45.245000000000005,2.389396,0.1345345,0.0038409999999999833,1.8592845,0.0833125,4.5499999999920604e-05,61.629999999999995,47.955,0.16575,0.6367499999999999
mlp_torch,cform_diffmean_diffsum_form_mean_nplayers_stage_sum,AWAY_YELLOWCARDS,2,135,1444,362,2.142303,1.549118,0.014135999999999926,1.2375965,0.015596500000000013,72.31,57.769999999999996,1.469221,0.0451755,0.0015770000000000506,1.1773280000000002,0.0347865,0.0033569999999999434,68.58000000000001,54.955,0.23895,0.3646
mlp_torch,cform_diffmean_diffsum_form_mean_nplayers_stage_sum,HOME_CORNERS,2,135,1444,362,5.356035,3.124842,0.019227000000000105,2.51501,0.012533999999999823,58.34,46.955,2.985265,0.09894349999999999,0.00043300000000012773,2.3734954999999998,0.0743595,0.00023750000000011262,55.735,44.315,0.1105,0.5814999999999999
mlp_torch,cform_diffmean_diffsum_form_mean_nplayers_stage_sum,HOME_FOULS,2,135,1444,362,11.655205,3.8498710000000003,0.0312349999999999,3.1022480000000003,0.03708099999999992,33.03,26.615000000000002,4.116371,0.1319875,0.014043000000000028,3.2071215,0.1165525,0.017263499999999876,35.32,27.515,0.105,0.4061
mlp_torch,cform_diffmean_diffsum_form_mean_nplayers_stage_sum,HOME_GOALS,2,135,1444,362,1.643965,1.315262,0.003414000000000028,1.022879,0.00016599999999999948,80.005,62.22,1.286869,0.057859499999999994,0.0009500000000000064,1.0088430000000002,0.037565,0.0016239999999999588,78.28,61.370000000000005,0.29145,0.5386500000000001
mlp_torch,cform_diffmean_diffsum_form_mean_nplayers_stage_sum,HOME_OFFSIDES,2,135,1444,362,1.931096,1.6324135000000002,0.01512849999999999,1.2529395,0.0029335000000000333,84.535,64.88,1.629789,0.1116205,0.014518000000000031,1.2397165,0.07021350000000001,0.016091500000000036,84.4,64.195,0.2514,0.42264999999999997
mlp_torch,cform_diffmean_diffsum_form_mean_nplayers_stage_sum,HOME_REDCARDS,2,135,1444,362,0.077519,0.2798855,0.00016050000000000786,0.1340685,0.0023475000000000024,361.04999999999995,172.95,0.274115,0.015576,6.699999999998374e-05,0.1290965,0.015106000000000001,0.003194500000000003,353.605,166.535,0.9171,0.8591
mlp_torch,cform_diffmean_diffsum_form_mean_nplayers_stage_sum,HOME_SHOTS_ON_TARGET,2,135,1444,362,5.071982,2.6883605,0.005309500000000078,2.191023,0.004885999999999946,53.004999999999995,43.195,2.652083,0.090769,0.015815000000000135,2.105049,0.0691515,0.020073999999999925,52.29,41.504999999999995,0.11324999999999999,0.6367499999999999
mlp_torch,cform_diffmean_diffsum_form_mean_nplayers_stage_sum,HOME_YELLOWCARDS,2,135,1444,362,1.900886,1.32073,0.001314999999999955,1.062423,0.00833600000000001,69.47999999999999,55.89,1.3504665,0.0474175,0.0035175000000000622,1.0833755,0.0364835,0.0012455000000000105,71.045,56.995000000000005,0.29145,0.3646
xgb,cform_diffmean_diffsum_form_mean_nplayers_odds_raw_stage_sum,AWAY_CORNERS,2,270,1444,362,4.105759,2.4751244999999997,0.001363499999999851,1.965748,0.0011579999999999924,60.285,47.879999999999995,2.590127,0.062336,0.006083000000000061,2.0257925,0.0531955,0.00032049999999994583,63.084999999999994,49.34,0.15055000000000002,0.587
xgb,cform_diffmean_diffsum_form_mean_nplayers_odds_raw_stage_sum,AWAY_FOULS,2,270,1444,362,11.71474,4.431328499999999,0.008532499999999832,3.500465,0.005263000000000018,37.825,29.884999999999998,4.364033,0.0625955,0.013518000000000363,3.3998895,0.060818,0.014402500000000096,37.254999999999995,29.025,0.1022,0.38675
xgb,cform_diffmean_diffsum_form_mean_nplayers_odds_raw_stage_sum,AWAY_GOALS,2,270,1444,362,1.275194,1.037988,0.0017440000000000788,0.822632,0.0005499999999999949,81.4,64.50999999999999,1.1775345000000002,0.06557550000000001,8.050000000003887e-05,0.9185570000000001,0.063004,0.00011299999999997423,92.345,72.03,0.366,0.6036
xgb,cform_diffmean_diffsum_form_mean_nplayers_odds_raw_stage_sum,AWAY_OFFSIDES,2,270,1444,362,1.735969,1.482307,0.001546999999999965,1.1377525,0.0014364999999999517,85.39,65.53999999999999,1.45228,0.036027500000000004,0.0003830000000000222,1.111379,0.021204,0.0009499999999998954,83.66,64.025,0.2555,0.3812
xgb,cform_diffmean_diffsum_form_mean_nplayers_odds_raw_stage_sum,AWAY_REDCARDS,2,270,1444,362,0.101883,0.3154345,0.0004784999999999928,0.16178199999999998,0.005837999999999996,309.61,158.79000000000002,0.32096800000000003,0.0254065,0.00015600000000001724,0.180338,0.008461,0.0013160000000000116,315.03499999999997,177.005,0.9254,0.8591
xgb,cform_diffmean_diffsum_form_mean_nplayers_odds_raw_stage_sum,AWAY_SHOTS_ON_TARGET,2,270,1444,362,3.877076,2.2046900000000003,0.002570999999999879,1.7584615000000001,0.0008964999999999668,56.864999999999995,45.355000000000004,2.3842565000000002,0.15364250000000002,0.0015815000000001245,1.8594745,0.1031955,0.00012250000000002537,61.5,47.96,0.1754,0.62985
xgb,cform_diffmean_diffsum_form_mean_nplayers_odds_raw_stage_sum,AWAY_YELLOWCARDS,2,270,1444,362,2.142303,1.5175025,0.0003254999999999786,1.1978665,0.0004855000000000276,70.835,55.915,1.430841,0.041731500000000005,0.0004290000000000127,1.141041,0.025160000000000002,0.00041999999999997595,66.78999999999999,53.260000000000005,0.2555,0.27625
xgb,cform_diffmean_diffsum_form_mean_nplayers_odds_raw_stage_sum,HOME_CORNERS,2,270,1444,362,5.356035,3.078537,0.0017059999999999853,2.495664,0.006081000000000003,57.480000000000004,46.595,2.985992,0.082745,0.006294000000000022,2.3719355,0.06637499999999999,0.007020500000000096,55.75,44.285,0.1174,0.587
xgb,cform_diffmean_diffsum_form_mean_nplayers_odds_raw_stage_sum,HOME_FOULS,2,270,1444,362,11.655205,3.8368735000000003,0.00545249999999986,3.102518,0.0004830000000000112,32.92,26.62,4.058768499999999,0.13281500000000002,0.0017334999999998324,3.1598724999999996,0.09757099999999999,9.049999999999336e-05,34.825,27.11,0.0732,0.38675
xgb,cform_diffmean_diffsum_form_mean_nplayers_odds_raw_stage_sum,HOME_GOALS,2,270,1444,362,1.643965,1.311719,0.0010620000000000074,1.0282855,0.002690499999999929,79.78999999999999,62.55,1.324672,0.0744625,0.013035999999999937,1.022526,0.049848,0.006058000000000008,80.575,62.2,0.2873,0.6036
xgb,cform_diffmean_diffsum_form_mean_nplayers_odds_raw_stage_sum,HOME_OFFSIDES,2,270,1444,362,1.931096,1.6270069999999999,0.003094999999999959,1.2337639999999999,0.004282999999999926,84.25,63.89,1.615405,0.10901749999999999,0.0028920000000000057,1.2175185,0.0605155,0.0022845000000000226,83.65,63.05,0.279,0.3812
xgb,cform_diffmean_diffsum_form_mean_nplayers_odds_raw_stage_sum,HOME_REDCARDS,2,270,1444,362,0.077519,0.2752335,0.00010150000000000436,0.146422,0.0003559999999999952,355.05,188.885,0.27127650000000003,0.015408499999999999,4.750000000000587e-05,0.143916,0.004962,0.0006250000000000006,349.95,185.655,0.9171,0.8591
xgb,cform_diffmean_diffsum_form_mean_nplayers_odds_raw_stage_sum,HOME_SHOTS_ON_TARGET,2,270,1444,362,5.071982,2.630296,0.013097999999999832,2.1189345,0.011322499999999902,51.86,41.775,2.631062,0.10073599999999999,0.007525999999999922,2.0831695000000003,0.083008,0.00923049999999992,51.875,41.07,0.1243,0.62985
xgb,cform_diffmean_diffsum_form_mean_nplayers_odds_raw_stage_sum,HOME_YELLOWCARDS,2,270,1444,362,1.900886,1.2811295,0.0022975000000000634,1.033656,0.0009850000000000136,67.4,54.379999999999995,1.33244,0.041078500000000004,0.0029810000000000114,1.0669244999999998,0.0265185,0.001970499999999986,70.095,56.125,0.28175,0.27625
xgb,cform_diffmean_diffsum_form_mean_nplayers_odds_stage_sum,AWAY_CORNERS,2,156,1444,362,4.105759,2.4798105,0.00336650000000005,1.9733364999999998,0.0036954999999999627,60.4,48.06,2.5970685,0.067966,0.006368499999999999,2.036373,0.059011499999999995,0.004765999999999826,63.254999999999995,49.595,0.15745,0.57185
xgb,cform_diffmean_diffsum_form_mean_nplayers_odds_stage_sum,AWAY_FOULS,2,156,1444,362,11.71474,4.424117,0.00944400000000023,3.4670284999999996,0.0023334999999999884,37.765,29.6,4.37099,0.057442,0.00041099999999971715,3.4032245,0.055143,0.0037514999999999077,37.315,29.049999999999997,0.11879999999999999,0.3895
xgb,cform_diffmean_diffsum_form_mean_nplayers_odds_stage_sum,AWAY_GOALS,2,156,1444,362,1.275194,1.0469265,0.00013249999999997986,0.8294035,0.0006625000000000103,82.1,65.03999999999999,1.1856425,0.063497,0.0011944999999999872,0.9254009999999999,0.0617335,0.0019100000000000228,92.975,72.57,0.35775,0.6229
xgb,cform_diffmean_diffsum_form_mean_nplayers_odds_stage_sum,AWAY_OFFSIDES,2,156,1444,362,1.735969,1.4807295,0.0015484999999999527,1.13574,0.005444000000000004,85.3,65.425,1.4579650000000002,0.039899500000000004,0.003925999999999985,1.1150630000000001,0.02494,0.0021440000000000348,83.985,64.235,0.25415,0.3909
xgb,cform_diffmean_diffsum_form_mean_nplayers_odds_stage_sum,AWAY_REDCARDS,2,156,1444,362,0.101883,0.315452,0.0009279999999999844,0.170401,0.002688999999999997,309.62,167.25,0.322478,0.025833000000000002,0.0016470000000000096,0.1810225,0.008278500000000001,0.0008714999999999973,316.52,177.675,0.9254,0.8591
xgb,cform_diffmean_diffsum_form_mean_nplayers_odds_stage_sum,AWAY_SHOTS_ON_TARGET,2,156,1444,362,3.877076,2.203708,0.0012160000000001059,1.7530135,0.005180500000000032,56.84,45.215,2.3871415,0.15574500000000002,0.003974499999999992,1.8584714999999998,0.10358500000000001,0.0022214999999999874,61.57,47.935,0.17814999999999998,0.6409
xgb,cform_diffmean_diffsum_form_mean_nplayers_odds_stage_sum,AWAY_YELLOWCARDS,2,156,1444,362,2.142303,1.51754,0.0019999999999998908,1.1981039999999998,0.003774999999999973,70.83500000000001,55.925,1.436711,0.0438335,0.0035680000000000156,1.1457199999999998,0.029299,0.002738999999999936,67.065,53.480000000000004,0.25415,0.25965000000000005
xgb,cform_diffmean_diffsum_form_mean_nplayers_odds_stage_sum,HOME_CORNERS,2,156,1444,362,5.356035,3.0904545,0.006470500000000046,2.496187,0.009570000000000078,57.7,46.605000000000004,2.9777044999999998,0.0774235,0.0013055000000001815,2.362483,0.0672995,0.0032760000000000566,55.595,44.11,0.12154999999999999,0.57185
xgb,cform_diffmean_diffsum_form_mean_nplayers_odds_stage_sum,HOME_FOULS,2,156,1444,362,11.655205,3.839772,0.005631000000000164,3.0993114999999998,0.0025575000000002124,32.945,26.59,4.07916,0.1321405,0.00138299999999969,3.1849245,0.095732,0.006985500000000089,35.0,27.33,0.0801,0.3895
xgb,cform_diffmean_diffsum_form_mean_nplayers_odds_stage_sum,HOME_GOALS,2,156,1444,362,1.643965,1.3156245,0.004961500000000063,1.0331035,0.00447949999999997,80.03,62.84,1.314194,0.0712975,0.0026840000000000197,1.0192100000000002,0.049934,0.0016289999999999916,79.94,62.0,0.27344999999999997,0.6229
xgb,cform_diffmean_diffsum_form_mean_nplayers_odds_stage_sum,HOME_OFFSIDES,2,156,1444,362,1.931096,1.6188215000000001,0.003574499999999925,1.2312189999999998,0.005348999999999937,83.825,63.754999999999995,1.6093915,0.1088795,0.002143499999999965,1.2159810000000002,0.0571465,0.0023119999999999807,83.34,62.97,0.27625,0.3909
xgb,cform_diffmean_diffsum_form_mean_nplayers_odds_stage_sum,HOME_REDCARDS,2,156,1444,362,0.077519,0.27545949999999997,4.999999999866223e-07,0.1469965,0.0004764999999999908,355.34,189.625,0.27129250000000005,0.015599499999999999,9.149999999999436e-05,0.14300000000000002,0.004279,0.0006360000000000116,349.97,184.47,0.9171,0.8591
xgb,cform_diffmean_diffsum_form_mean_nplayers_odds_stage_sum,HOME_SHOTS_ON_TARGET,2,156,1444,362,5.071982,2.625607,0.011387000000000036,2.120098,0.009955000000000158,51.765,41.8,2.631743,0.1001755,0.0006660000000000554,2.0879975,0.075921,0.0021444999999999936,51.885,41.17,0.1243,0.6409
xgb,cform_diffmean_diffsum_form_mean_nplayers_odds_stage_sum,HOME_YELLOWCARDS,2,156,1444,362,1.900886,1.290734,0.00033199999999999896,1.040951,0.0004610000000000447,67.9,54.765,1.3380085,0.0396195,0.00775249999999994,1.0744225,0.026087,0.008935499999999985,70.39,56.519999999999996,0.2873,0.25965000000000005
xgb,cform_diffmean_diffsum_form_mean_nplayers_raw_stage_sum,AWAY_CORNERS,2,249,1444,362,4.105759,2.4899475000000004,0.00016050000000000786,1.9734470000000002,0.008973000000000009,60.644999999999996,48.065,2.5904105,0.0529045,0.004384500000000013,2.0180395,0.025826500000000002,0.00271050000000006,63.095,49.155,0.16160000000000002,0.5511
xgb,cform_diffmean_diffsum_form_mean_nplayers_raw_stage_sum,AWAY_FOULS,2,249,1444,362,11.71474,4.4354785,0.0021685000000002397,3.5047129999999997,0.0021220000000001793,37.86,29.92,4.351381,0.0679785,0.0031400000000001427,3.3920885,0.067348,0.005170499999999967,37.144999999999996,28.955,0.10775,0.41715
xgb,cform_diffmean_diffsum_form_mean_nplayers_raw_stage_sum,AWAY_GOALS,2,249,1444,362,1.275194,1.040175,0.003778999999999977,0.8182885,0.005212500000000009,81.57,64.17,1.179093,0.0670885,0.010472999999999955,0.9178949999999999,0.051089499999999996,0.007697000000000009,92.465,71.97999999999999,0.3688,0.54695
xgb,cform_diffmean_diffsum_form_mean_nplayers_raw_stage_sum,AWAY_OFFSIDES,2,249,1444,362,1.735969,1.4826985000000001,0.00014049999999998786,1.1322135,0.0007325000000000248,85.41,65.22,1.4637625,0.0403595,0.005812499999999998,1.1180575,0.0239215,0.006168500000000021,84.315,64.405,0.26380000000000003,0.39365
xgb,cform_diffmean_diffsum_form_mean_nplayers_raw_stage_sum,AWAY_REDCARDS,2,249,1444,362,0.101883,0.3151315,1.7500000000003624e-05,0.16110750000000001,0.003734499999999988,309.31,158.13,0.3207375,0.025445000000000002,9.499999999995623e-06,0.177317,0.008568,0.0045459999999999945,314.81,174.04000000000002,0.9254,0.8591
xgb,cform_diffmean_diffsum_form_mean_nplayers_raw_stage_sum,AWAY_SHOTS_ON_TARGET,2,249,1444,362,3.877076,2.2222375,0.0009405000000000108,1.7827715,0.0030894999999999673,57.315,45.980000000000004,2.3608504999999997,0.1416045,0.005054500000000184,1.838317,0.0796975,0.0045600000000000085,60.89,47.415,0.17815,0.60915
xgb,cform_diffmean_diffsum_form_mean_nplayers_raw_stage_sum,AWAY_YELLOWCARDS,2,249,1444,362,2.142303,1.5283039999999999,0.00017699999999998273,1.2120815,0.00018950000000006462,71.34,56.58,1.4326065,0.041565000000000005,0.0017085000000000017,1.140533,0.029262999999999997,0.0014769999999999506,66.87,53.24,0.2486,0.2652
xgb,cform_diffmean_diffsum_form_mean_nplayers_raw_stage_sum,HOME_CORNERS,2,249,1444,362,5.356035,3.0854945,0.002414499999999986,2.4780670000000002,0.006226000000000065,57.605000000000004,46.265,2.9817394999999998,0.09656200000000001,0.002087499999999798,2.357844,0.0713095,0.0008159999999999279,55.67,44.025,0.12015,0.5511
xgb,cform_diffmean_diffsum_form_mean_nplayers_raw_stage_sum,HOME_FOULS,2,249,1444,362,11.655205,3.8289619999999998,0.003846000000000016,3.0957935,0.014666499999999916,32.85,26.565,4.064115,0.13034,0.000504000000000282,3.1616545,0.09306249999999999,0.008470500000000047,34.87,27.125,0.0884,0.41715
xgb,cform_diffmean_diffsum_form_mean_nplayers_raw_stage_sum,HOME_GOALS,2,249,1444,362,1.643965,1.3235475,0.0014545000000000254,1.0309840000000001,0.0011519999999999309,80.50999999999999,62.71,1.3241364999999998,0.0669735,0.0057435000000000125,1.0214085,0.045800999999999994,0.007332499999999964,80.545,62.129999999999995,0.2983,0.54695
xgb,cform_diffmean_diffsum_form_mean_nplayers_raw_stage_sum,HOME_OFFSIDES,2,249,1444,362,1.931096,1.6233184999999999,0.0008044999999999858,1.2317955,0.0019724999999999326,84.06,63.79,1.6069179999999998,0.10634450000000001,0.0004009999999999847,1.20889,0.0590145,0.0005349999999999522,83.21000000000001,62.6,0.2693,0.39365
xgb,cform_diffmean_diffsum_form_mean_nplayers_raw_stage_sum,HOME_REDCARDS,2,249,1444,362,0.077519,0.27490000000000003,0.0004659999999999942,0.1468545,3.649999999999487e-05,354.62,189.445,0.271092,0.015702,0.00012099999999998223,0.143142,0.005140499999999999,0.00011799999999999311,349.71000000000004,184.655,0.9171,0.8591
xgb,cform_diffmean_diffsum_form_mean_nplayers_raw_stage_sum,HOME_SHOTS_ON_TARGET,2,249,1444,362,5.071982,2.6539355000000002,0.0003184999999998883,2.1349915,0.0032404999999999795,52.325,42.095,2.6128045,0.09172050000000001,0.0007854999999998835,2.074894,0.079534,0.0007619999999999294,51.515,40.905,0.12705,0.60915
xgb,cform_diffmean_diffsum_form_mean_nplayers_raw_stage_sum,HOME_YELLOWCARDS,2,249,1444,362,1.900886,1.28752,0.0024409999999999155,1.037265,0.0013470000000000981,67.72999999999999,54.57,1.3395665,0.040807,0.002615499999999993,1.0724685,0.026511,0.0025325000000000486,70.47,56.42,0.29835,0.2652
xgb,cform_diffmean_diffsum_form_mean_nplayers_stage_sum,AWAY_CORNERS,1,135,1444,362,4.105759,2.493946,0.0,1.988087,0.0,60.74,48.42,2.583851,0.058979,0.0,2.016216,0.033916,0.0,62.93,49.11,0.1492,0.5552
xgb,cform_diffmean_diffsum_form_mean_nplayers_stage_sum,AWAY_FOULS,1,135,1444,362,11.71474,4.436084,0.0,3.510477,0.0,37.87,29.97,4.366076,0.072482,0.0,3.394981,0.074494,0.0,37.27,28.98,0.0967,0.3702
xgb,cform_diffmean_diffsum_form_mean_nplayers_stage_sum,AWAY_GOALS,1,135,1444,362,1.275194,1.037785,0.0,0.811028,0.0,81.38,63.6,1.178546,0.064481,0.0,0.905053,0.050111,0.0,92.42,70.97,0.3591,0.558
xgb,cform_diffmean_diffsum_form_mean_nplayers_stage_sum,AWAY_OFFSIDES,1,135,1444,362,1.735969,1.485963,0.0,1.135907,0.0,85.6,65.43,1.458994,0.036491,0.0,1.111994,0.021692,0.0,84.04,64.06,0.2845,0.3646
xgb,cform_diffmean_diffsum_form_mean_nplayers_stage_sum,AWAY_REDCARDS,1,135,1444,362,0.101883,0.315689,0.0,0.149793,0.0,309.86,147.03,0.32157,0.025614,0.0,0.166496,0.011495,0.0,315.63,163.42,0.9254,0.8591
xgb,cform_diffmean_diffsum_form_mean_nplayers_stage_sum,AWAY_SHOTS_ON_TARGET,1,135,1444,362,3.877076,2.22646,0.0,1.782945,0.0,57.43,45.99,2.364451,0.140833,0.0,1.842996,0.082978,0.0,60.99,47.54,0.1851,0.6298
xgb,cform_diffmean_diffsum_form_mean_nplayers_stage_sum,AWAY_YELLOWCARDS,1,135,1444,362,2.142303,1.532826,0.0,1.217239,0.0,71.55,56.82,1.43054,0.044669,0.0,1.14062,0.027353,0.0,66.78,53.24,0.2431,0.2597
xgb,cform_diffmean_diffsum_form_mean_nplayers_stage_sum,HOME_CORNERS,1,135,1444,362,5.356035,3.111402,0.0,2.499144,0.0,58.09,46.66,2.975478,0.094009,0.0,2.355144,0.069586,0.0,55.55,43.97,0.1133,0.5552
xgb,cform_diffmean_diffsum_form_mean_nplayers_stage_sum,HOME_FOULS,1,135,1444,362,11.655205,3.831128,0.0,3.097965,0.0,32.87,26.58,4.074454,0.133472,0.0,3.177645,0.095365,0.0,34.96,27.26,0.0884,0.3702
xgb,cform_diffmean_diffsum_form_mean_nplayers_stage_sum,HOME_GOALS,1,135,1444,362,1.643965,1.323665,0.0,1.037384,0.0,80.52,63.1,1.306037,0.063706,0.0,1.018768,0.049917,0.0,79.44,61.97,0.2901,0.558
xgb,cform_diffmean_diffsum_form_mean_nplayers_stage_sum,HOME_OFFSIDES,1,135,1444,362,1.931096,1.622477,0.0,1.235254,0.0,84.02,63.97,1.605168,0.101086,0.0,1.208922,0.053644,0.0,83.12,62.6,0.268,0.3646
xgb,cform_diffmean_diffsum_form_mean_nplayers_stage_sum,HOME_REDCARDS,1,135,1444,362,0.077519,0.275235,0.0,0.145462,0.0,355.05,187.65,0.270822,0.015484,0.0,0.142035,0.00506,0.0,349.36,183.22,0.9171,0.8591
xgb,cform_diffmean_diffsum_form_mean_nplayers_stage_sum,HOME_SHOTS_ON_TARGET,1,135,1444,362,5.071982,2.649532,0.0,2.135887,0.0,52.24,42.11,2.609374,0.098043,0.0,2.075562,0.079043,0.0,51.45,40.92,0.1188,0.6298
xgb,cform_diffmean_diffsum_form_mean_nplayers_stage_sum,HOME_YELLOWCARDS,1,135,1444,362,1.900886,1.30217,0.0,1.044273,0.0,68.5,54.94,1.3395,0.040455,0.0,1.071943,0.026166,0.0,70.47,56.39,0.3011,0.2597
